unique_id,ds,cutoff,DLinear,DeepNPTS,KAN,MLP,NBEATS,NHITS,NLinear,PatchTST,TFT,TiDE,y,SeasonalNaive
T000000,1987-04-30,1987-01-31,3.6054688,4.1098466,4.5042963,4.649171,4.5861206,4.5044985,5.249892,4.1133475,5.6208124,2.7412488,5.1,1.14
T000000,1987-07-31,1987-01-31,4.5053577,4.109997,4.9643335,4.8215666,5.06898,4.587962,7.462912,3.984907,7.662419,3.7964609,4.3,1.03
T000001,1991-04-30,1991-01-31,153.89024,159.99805,165.02534,163.57759,163.41139,171.44809,164.22647,160.04266,163.90036,160.84561,201.0,123.0
T000001,1991-07-31,1991-01-31,167.3211,159.99995,170.88855,160.1207,165.12856,175.79233,164.04112,158.40567,167.66994,155.51096,214.0,118.0
T000002,1989-04-30,1989-01-31,331.48578,322.97437,388.71594,407.19055,373.5874,304.4746,334.78012,323.55786,323.20355,296.85406,330.0,289.0
T000002,1989-07-31,1989-01-31,347.316,322.99945,465.3887,390.89948,330.01804,296.50195,317.13,302.15112,290.36374,263.09998,318.0,214.0
T000003,2004-01-31,2003-10-31,40552.188,43637.336,39826.773,45503.39,38569.566,40512.957,34485.465,34729.414,38006.152,38728.86,41235.1,36602.0
T000003,2004-04-30,2003-10-31,44128.883,43658.18,42833.637,49943.137,41953.312,41846.23,35560.285,37119.066,41509.64,39572.844,46557.6,40931.4
T000004,1988-01-31,1987-10-31,778495.2,791007.6,809994.1,779392.7,792586.0,786394.8,798433.75,791176.1,784533.6,801307.1,772214.0,722636.0
T000004,1988-04-30,1987-10-31,791854.8,791014.8,832137.7,760199.7,788221.94,796236.9,790835.9,784993.75,709565.06,785241.3,818797.0,701800.0
T000005,1988-04-30,1988-01-31,687.4772,701.1933,718.406,714.7714,706.5186,730.29517,716.3113,701.34607,750.55786,708.55945,740.84,619.83
T000005,1988-07-31,1988-01-31,716.9545,701.1999,738.4807,731.2089,666.5997,733.46606,706.62396,695.7413,721.6492,684.988,663.86,564.64
T000006,1982-04-30,1982-01-31,47.782787,48.161537,45.63287,40.78015,47.160133,43.39627,44.473938,42.2503,31.775593,44.1529,30.7,16.8
T000006,1982-07-31,1982-01-31,58.49475,48.17537,47.628204,60.57544,48.47834,42.07023,47.108932,43.836056,32.23875,45.46191,26.8,23.0
T000007,1991-04-30,1991-01-31,181.83488,182.17,182.75017,183.79666,182.65694,178.97514,184.37854,182.16963,174.02342,184.86012,140.53,169.68
T000007,1991-07-31,1991-01-31,184.48946,182.17,182.94202,181.15253,182.42589,179.5922,186.09032,182.16995,167.9992,184.5878,166.56,167.6
T000008,1988-01-31,1987-10-31,3643.7996,4131.0234,3606.6587,2593.042,2962.4868,3383.345,2687.0789,2905.2202,3729.47,3233.3306,3253.0,1015.0
T000008,1988-04-30,1987-10-31,4345.654,4133.892,4020.428,5742.0425,4480.7334,3765.64,3029.6863,3234.056,4536.005,3675.6013,2742.0,3712.0
T000009,1990-04-30,1990-01-31,14179.377,10879.436,10382.131,10584.357,9854.342,9825.322,9838.694,9716.893,9075.287,10376.078,8861.0,15518.0
T000009,1990-07-31,1990-01-31,14007.864,10882.155,10774.547,11457.333,10271.164,9405.951,9729.973,10028.758,8957.986,10447.378,11380.0,12623.0
T000010,1991-10-31,1991-07-31,174.67833,175.0,175.58017,176.56525,175.46727,171.92932,177.15836,174.99963,167.17433,177.53583,135.0,163.0
T000010,1992-01-31,1991-07-31,177.22832,175.0,175.77202,174.02437,175.24467,172.52222,178.8962,174.99995,161.38316,177.33104,160.0,161.0
T000011,1984-04-30,1984-01-31,347.29614,330.99326,330.54962,286.3227,314.04697,318.8825,327.9254,329.9562,247.20764,332.39117,227.0,278.0
T000011,1984-07-31,1984-01-31,352.84274,330.99567,330.8997,330.0498,338.5804,316.96216,333.9164,330.2344,320.67856,341.03085,319.0,320.0
T000012,1994-04-30,1994-01-31,677.4298,677.99023,703.1267,757.9634,669.8166,709.24664,677.68713,678.2133,702.0414,686.8066,795.0,610.0
T000012,1994-07-31,1994-01-31,715.98315,677.99976,732.44275,774.95526,695.85016,745.8579,677.82697,670.0284,731.7854,669.4508,844.0,639.0
T000013,1988-01-31,1987-10-31,29779.945,29284.86,29648.371,28694.104,29613.193,28991.951,29713.568,29288.084,29335.695,30053.998,26278.0,28628.0
T000013,1988-04-30,1987-10-31,30275.877,29284.996,30072.326,29310.932,27926.818,28873.846,29338.326,29169.719,26066.865,29405.652,28641.0,26204.0
T000014,1988-04-30,1988-01-31,140807.19,136470.16,135888.56,143388.95,140259.34,149491.94,137018.58,135110.56,141843.44,141643.5,122733.0,143642.0
T000014,1988-07-31,1988-01-31,145413.22,136473.33,136347.48,140897.44,133594.53,143924.95,135511.78,135475.3,136307.12,137831.42,144710.0,128780.0
T000015,1988-04-30,1988-01-31,35741.062,36817.758,40009.703,42683.76,33609.145,40259.94,36293.35,36846.086,40409.145,36565.13,28852.0,25295.0
T000015,1988-07-31,1988-01-31,40479.152,36818.973,43732.39,46056.297,39311.04,42904.242,36361.37,35806.727,44737.688,35043.32,23243.0,32532.0
T000016,1988-04-30,1988-01-31,615782.2,615894.94,616027.2,626808.0,619008.94,639954.25,622753.25,615896.1,645212.2,633367.94,612695.0,592558.0
T000016,1988-07-31,1988-01-31,627246.44,615895.0,616181.44,628614.75,593067.3,632526.3,618107.56,615853.06,633291.5,622832.25,654950.0,561684.0
T000017,1988-04-30,1988-01-31,141523.39,144160.25,148662.77,143594.36,143841.08,144031.95,144042.11,144200.2,146928.84,146692.27,121898.0,130036.0
T000017,1988-07-31,1988-01-31,145411.08,144161.97,153913.95,147763.88,148348.7,144491.62,143614.36,142734.1,150932.12,144232.69,154758.0,135511.0
T000018,1988-04-30,1988-01-31,35619.74,35499.65,36400.695,38535.297,37545.902,38428.11,35525.133,35507.645,37317.25,35886.824,24577.0,28459.0
T000018,1988-07-31,1988-01-31,39077.805,35499.992,37451.562,40702.17,39555.82,40637.44,35507.465,35214.246,38453.297,34846.69,21109.0,31185.0
T000019,1988-04-30,1988-01-31,687474.6,701191.3,718404.4,714770.8,706516.7,730292.9,715387.9,701344.06,750556.5,709769.6,740835.0,619826.0
T000019,1988-07-31,1988-01-31,716951.75,701197.9,738479.56,731205.75,666598.9,733463.5,703321.7,695739.1,721648.25,684753.25,663858.0,564637.0
T000020,1981-04-30,1981-01-31,123764.37,123515.87,123858.5,124827.14,123786.516,124558.94,123442.07,123518.91,124942.11,127739.81,124408.0,120615.0
T000020,1981-07-31,1981-01-31,125824.836,123516.0,124258.09,125678.47,124641.66,125504.07,123505.91,123407.34,126066.484,126629.93,131643.0,122262.0
T000021,1990-04-30,1990-01-31,152871.23,152033.95,150190.7,143693.73,148116.3,147038.92,147642.55,147724.98,147532.03,153080.7,129675.0,154517.0
T000021,1990-07-31,1990-01-31,152287.98,152044.05,151645.19,143161.84,149265.22,150033.83,147993.73,148880.92,143293.62,153130.9,136911.0,153713.0
T000022,2005-07-31,2005-04-30,340.28503,336.99982,335.67337,340.80933,334.03537,340.6746,334.6416,333.89902,331.01685,346.06534,338.62,340.42
T000022,2005-10-31,2005-04-30,344.3831,337.00708,336.72006,342.27478,334.93784,343.8725,337.32468,334.73083,327.83554,345.0459,352.78,339.82
T000023,1990-01-31,1989-10-31,1317.123,1081.9773,1140.3712,1050.5391,1169.2609,1044.8829,1131.6,1082.4955,965.31415,1072.7355,1084.0,1276.0
T000023,1990-04-30,1989-10-31,1320.3813,1081.9995,1208.4747,1025.442,1073.7312,1002.30414,1081.1781,1063.4813,770.3408,1018.6314,706.0,871.0
T000024,1990-01-31,1989-10-31,1458.5806,1375.4534,1339.5198,1373.4309,1390.52,1285.3806,1339.7499,1291.4517,1290.1362,1331.6029,1272.0,1369.0
T000024,1990-04-30,1989-10-31,1470.0067,1375.6499,1367.8745,1163.7874,1146.7814,1247.6067,1313.1729,1313.9861,1025.6024,1313.7639,947.0,1082.0
T000025,1990-01-31,1989-10-31,1458.5806,1375.4534,1339.5198,1373.4309,1390.52,1285.3806,1339.7499,1291.4517,1290.1362,1331.6029,1272.0,1369.0
T000025,1990-04-30,1989-10-31,1470.0067,1375.6499,1367.8745,1163.7874,1146.7814,1247.6067,1313.1729,1313.9861,1025.6024,1313.7639,947.0,1082.0
T000026,1986-04-30,1986-01-31,291.7887,297.63208,280.02017,233.40509,265.23172,251.17259,255.38228,256.46088,202.58759,267.1708,227.05,224.5
T000026,1986-07-31,1986-01-31,299.4929,297.72842,293.9175,286.85315,292.62567,246.47594,264.36755,267.50552,257.1762,281.82233,227.5,268.3
T000027,1983-10-31,1983-07-31,9.563164,12.6466875,9.142048,6.023695,7.313336,4.6858687,5.5677238,4.453926,3.0320516,5.431036,21.1,3.9
T000027,1984-01-31,1983-07-31,11.7353325,12.665859,11.907513,9.523904,9.443266,4.8818026,8.675287,6.6517243,5.3300886,8.142173,21.0,6.4
T000028,1986-10-31,1986-07-31,81317.414,76520.83,76957.05,57760.06,72578.31,73854.39,73632.6,76524.7,45954.664,77184.016,93872.0,58518.0
T000028,1987-01-31,1986-07-31,84203.72,76521.0,77465.79,79170.4,87706.24,76187.805,76176.94,76382.664,79181.336,80602.5,62929.0,84043.0
T000029,1986-10-31,1986-07-31,1022.1794,944.9768,1004.53094,933.09344,952.05115,837.7938,927.4421,945.5054,849.2833,898.226,408.0,836.0
T000029,1987-01-31,1986-07-31,1008.7844,944.9995,1073.9874,838.00684,1065.6505,798.8896,935.018,926.1134,961.7171,912.2105,812.0,975.0
T000030,1995-10-31,1995-07-31,378.83066,388.7773,374.13766,200.20837,315.79886,357.21475,338.20792,354.55438,252.64696,355.6996,394.0,207.0
T000030,1996-01-31,1995-07-31,403.3521,388.8574,385.6896,356.81415,422.2016,384.78717,360.8396,363.73505,382.56378,385.4992,307.0,393.0
T000031,1986-04-30,1986-01-31,481.63538,467.62146,458.51385,431.03516,440.31238,437.3695,442.23776,446.33066,345.32544,458.8926,352.98,394.42
T000031,1986-07-31,1986-01-31,493.15775,467.6713,465.70056,492.4059,476.04163,437.31876,451.90936,452.04214,451.0044,472.60904,463.89,457.29
T000032,1986-10-31,1986-07-31,115103.41,123996.58,111084.43,102717.63,117634.94,116922.19,99740.664,93811.96,127627.56,107141.336,89407.0,93746.0
T000032,1987-01-31,1986-07-31,131490.66,124067.21,121273.234,78407.68,102670.83,106952.836,98417.625,101909.31,134171.97,104556.87,150123.0,70472.0
T000033,1988-01-31,1987-10-31,901.7564,881.919,876.5955,877.00885,881.571,876.38855,873.05347,869.4743,860.5426,903.073,840.0,896.0
T000033,1988-04-30,1987-10-31,909.3847,881.9481,880.7962,871.3561,874.17474,875.292,874.08026,872.81274,847.5279,898.88654,850.0,873.0
T000034,1988-01-31,1987-10-31,1373.0195,1649.8778,1963.5038,2336.497,2006.2277,1892.0133,1701.3645,1652.6614,2622.7207,1531.5704,2363.0,233.0
T000034,1988-04-30,1987-10-31,1775.6697,1649.9973,2329.2778,2708.6992,2410.4346,1975.3296,1639.7781,1550.5386,2876.8293,1351.0359,3348.0,456.0
T000035,1924-07-31,1924-04-30,25107.496,25393.652,26285.805,26033.0,25279.53,25680.477,25367.533,25401.57,26254.861,25691.209,26208.0,23357.0
T000035,1924-10-31,1924-04-30,25756.754,25393.992,27326.299,26718.154,26002.523,26274.379,25268.736,25111.068,26819.213,25192.527,26630.0,24115.0
T000036,1923-07-31,1923-04-30,416.20447,445.97574,508.23688,515.8375,457.6754,460.7724,452.41147,446.52832,456.0896,433.5327,453.0,291.0
T000036,1923-10-31,1923-04-30,467.54343,445.99948,580.85046,563.31775,492.60992,471.90283,442.44226,426.25488,507.00702,401.3757,412.0,305.0
T000037,1988-04-30,1988-01-31,45188.19,43094.902,43346.266,51104.094,44237.56,59265.836,43630.617,43097.133,43411.453,45631.945,44496.0,34632.0
T000037,1988-07-31,1988-01-31,53963.93,43094.996,43639.426,46251.746,44798.445,56106.37,43386.055,43015.285,48230.78,42974.156,43264.0,35165.0
T000038,1988-04-30,1988-01-31,8737.318,6066.89,6348.419,7053.264,6112.7725,7347.305,6017.973,6069.389,7547.7666,6378.7295,5707.0,5639.0
T000038,1988-07-31,1988-01-31,9842.821,6066.9976,6676.759,8953.6455,6430.9766,7032.5693,6014.464,5977.718,8553.203,6364.26,9701.0,6030.0
T000039,1988-04-30,1988-01-31,196094.97,209520.34,197447.1,226442.94,191879.48,190757.36,181134.02,181296.8,195718.94,194944.11,165275.0,182222.0
T000039,1988-07-31,1988-01-31,205724.14,209586.39,206973.94,238170.47,201626.42,195398.6,184192.88,188868.08,205829.97,197345.98,169878.0,194522.0
T000040,1988-04-30,1988-01-31,17074.217,16980.785,15520.37,15356.593,15283.841,17114.531,12867.328,13566.788,16733.648,14673.789,12763.0,15708.0
T000040,1988-07-31,1988-01-31,17642.297,16988.773,16672.764,18225.123,18396.271,20904.846,13705.206,14482.631,17454.623,15727.744,14416.0,20386.0
T000041,1914-07-31,1914-04-30,11520.66,10671.212,10553.651,12280.566,10848.643,11511.394,10015.071,10396.392,11385.634,10904.39,6317.0,10219.0
T000041,1914-10-31,1914-04-30,12352.247,10671.8545,10646.417,11943.2,12348.117,12719.797,10339.912,10470.115,11448.019,11061.978,4075.0,12726.0
T000042,1991-04-30,1991-01-31,2228.8816,2036.4749,1936.2156,1776.8933,1963.8267,1814.8829,1748.2393,1802.0996,1659.997,1927.9883,1554.0,2047.0
T000042,1991-07-31,1991-01-31,2277.8408,2037.0233,2015.3289,1944.0928,2170.1038,1970.1361,1810.6659,1864.9735,2183.0671,2018.703,1767.0,2364.0
T000043,1991-04-30,1991-01-31,129.78564,116.95276,113.84738,121.1098,110.93291,109.39576,110.02069,109.69335,108.450516,113.90206,98.0,122.0
T000043,1991-07-31,1991-01-31,131.23343,116.96975,116.2978,131.3581,113.823425,107.59468,113.31261,111.64077,125.46635,117.464615,119.0,123.0
T000044,1981-04-30,1981-01-31,89.21892,88.99804,94.025345,93.21977,87.78405,90.15657,88.10881,89.04266,89.29025,87.619576,87.0,76.0
T000044,1981-07-31,1981-01-31,92.85607,88.999954,99.88855,107.56152,99.57014,96.699684,91.212975,87.40567,100.14392,88.299126,92.0,91.0
T000045,1981-04-30,1981-01-31,2.2589588,2.269997,2.2777314,2.3370202,2.2940676,2.294342,3.1874988,2.2700655,2.2865856,1.1021833,2.28,2.02
T000045,1981-07-31,1981-01-31,2.3207889,2.27,2.286752,2.3558135,2.3626597,2.3539853,5.576968,2.2675471,2.3261235,2.5402281,2.27,2.16
T000046,1991-04-30,1991-01-31,108.24451,107.99774,113.79847,90.958694,102.418564,101.29477,107.91931,108.049225,92.49085,105.92406,88.0,88.0
T000046,1991-07-31,1991-01-31,110.92436,107.999954,120.563705,100.76245,112.92451,99.84682,110.43173,106.16039,103.1589,106.8381,99.0,101.0
T000047,1974-04-30,1974-01-31,131.64507,129.9997,130.77313,103.70686,114.224365,126.904175,128.0439,130.00656,101.41224,129.69966,89.0,93.0
T000047,1974-07-31,1974-01-31,137.728,130.0,131.67516,140.51582,135.38873,131.4526,133.35675,129.75471,136.7886,134.71275,116.0,127.0
T000048,1974-04-30,1974-01-31,147.59225,147.99669,156.50443,139.25998,149.84671,137.74973,149.38914,148.07219,136.87573,143.09764,134.0,126.0
T000048,1974-07-31,1974-01-31,150.21667,147.99992,166.42677,144.77867,155.6665,138.92908,150.31712,145.30191,153.25284,141.43126,144.0,130.0
T000049,1974-04-30,1974-01-31,23.84899,24.385153,23.409178,19.352608,21.256231,22.30967,22.363977,22.103626,16.200073,21.76274,16.2,16.3
T000049,1974-07-31,1974-01-31,25.291441,24.390491,24.179308,26.099457,25.508572,23.874338,25.626575,22.715672,24.108452,24.40496,25.7,23.9
T000050,1974-04-30,1974-01-31,188.57446,196.70982,177.63394,147.99864,197.9273,151.96107,158.08672,152.1163,161.25505,165.2424,155.0,185.0
T000050,1974-07-31,1974-01-31,190.52592,196.81418,192.68646,111.93359,172.17552,149.4331,160.51445,164.07901,161.3607,170.13815,155.0,158.0
T000051,1979-04-30,1979-01-31,22.528437,18.999699,19.773129,15.309355,21.006765,19.44001,19.482244,19.006563,17.899605,18.050028,19.0,22.0
T000051,1979-07-31,1979-01-31,22.549395,18.999994,20.675161,11.507049,21.69141,20.203964,21.97482,18.754719,17.209198,19.597158,20.0,23.0
T000052,1979-04-30,1979-01-31,42.89885,38.998947,41.705956,42.165672,42.074535,39.105167,39.857445,39.022972,42.81125,37.976273,35.0,42.0
T000052,1979-07-31,1979-01-31,43.491398,38.999977,44.863064,44.86128,42.011326,39.466152,41.69422,38.141518,45.07532,38.275616,40.0,40.0
T000053,1979-04-30,1979-01-31,75.25084,71.998344,76.25221,70.810486,73.413,72.647095,72.386765,72.036095,65.46148,70.70345,64.0,69.0
T000053,1979-07-31,1979-01-31,76.04907,71.99996,81.21339,78.62351,74.974,73.76335,74.428604,70.650955,75.68745,71.146484,72.0,72.0
T000054,1979-04-30,1979-01-31,124.339874,116.99849,120.86565,117.199394,119.882866,117.27383,114.16508,117.032814,123.632675,116.65896,124.0,111.0
T000054,1979-07-31,1979-01-31,126.364265,116.99997,125.37581,142.61395,136.38385,131.50702,118.79322,115.7736,138.57355,119.873146,140.0,135.0
T000055,1988-04-30,1988-01-31,975.5288,970.98627,1006.17737,924.48315,962.8182,935.8814,969.24976,971.29865,904.4076,982.7362,899.0,894.0
T000055,1988-07-31,1988-01-31,992.9653,970.9997,1047.2198,1002.5213,996.98096,941.6015,968.76373,959.8397,939.97614,971.7501,931.0,932.0
T000056,1993-10-31,1993-07-31,113.281395,109.49988,109.80925,114.01366,111.15493,116.21371,111.26977,109.502625,115.28476,111.93174,125.3,116.2
T000056,1994-01-31,1993-07-31,114.68542,109.5,110.17007,111.902824,110.80192,115.10485,112.78676,109.401886,115.77014,111.168816,107.8,107.9
T000057,1988-04-30,1988-01-31,4684.021,4684.8794,4685.885,4767.8965,4708.566,4867.8916,4737.9624,4684.888,4907.8877,4816.5854,4660.54,4507.36
T000057,1988-07-31,1988-01-31,4771.226,4684.88,4687.0576,4781.6567,4511.2476,4811.389,4704.9883,4684.561,4817.224,4737.881,4981.96,4272.52
T000058,1987-10-31,1987-07-31,883.61255,901.35425,841.15436,941.3539,874.8391,942.90295,756.2112,760.6254,921.329,834.33496,957.02,876.08
T000058,1988-01-31,1987-07-31,932.6613,901.6836,888.6573,920.1993,905.39246,969.64813,774.55444,798.3775,964.46265,846.07074,966.55,914.17
T000059,1989-07-31,1989-04-30,152873.89,152034.02,150194.75,143710.52,148122.56,147048.56,147652.0,147734.38,147542.52,153088.3,129675.0,154517.0
T000059,1989-10-31,1989-04-30,152291.5,152044.08,151646.1,143183.27,149268.94,150043.22,148002.4,148887.8,143301.78,153136.66,136911.0,153713.0
T000060,1991-04-30,1991-01-31,427.78772,418.9994,420.54626,428.7173,417.39496,441.51318,417.97964,419.01312,445.8827,425.71442,437.0,358.0
T000060,1991-07-31,1991-01-31,458.6049,419.0,422.3503,449.81927,437.06796,482.81744,423.02005,418.50943,471.31607,422.03015,453.0,397.0
T000061,1991-04-30,1991-01-31,113.93491,114.999695,115.77313,116.55242,117.28283,116.68135,116.1324,115.00656,115.86269,117.147644,116.0,105.0
T000061,1991-07-31,1991-01-31,117.18021,114.99999,116.67516,117.87525,119.45043,117.44957,118.44948,114.75472,115.902725,117.37595,118.0,108.0
T000062,1991-04-30,1991-01-31,103.58108,96.99325,96.54963,97.76457,97.136215,96.33557,97.50024,95.95619,93.9738,97.92559,91.0,104.0
T000062,1991-07-31,1991-01-31,103.259224,96.99568,96.89969,96.93031,97.79742,95.839355,99.32343,96.2344,94.26543,98.80321,90.0,97.0
T000063,1989-04-30,1989-01-31,16.729103,16.59865,16.509926,16.202225,16.433897,16.598259,17.276052,16.391237,16.374886,15.773504,16.4,16.2
T000063,1989-07-31,1989-01-31,16.867073,16.599136,16.579937,16.504581,16.657387,16.70438,19.712036,16.446878,16.405682,17.219734,15.9,16.6
T000064,1990-04-30,1990-01-31,122.02012,122.99985,123.386566,123.594505,125.062386,124.80404,123.99123,123.00328,122.974525,125.30664,125.0,113.0
T000064,1990-07-31,1990-01-31,125.015594,123.0,123.83758,126.48952,127.099365,125.518906,126.489525,122.87736,123.59536,125.81031,124.0,117.0
T000065,1981-04-30,1981-01-31,172.93303,174.19966,175.05045,175.90796,176.49487,175.17796,175.02882,174.20721,175.17581,177.79184,175.8,162.9
T000065,1981-07-31,1981-01-31,175.99382,174.2,176.04268,179.74513,179.43504,175.96121,177.59251,173.93019,177.55887,178.04146,175.1,168.3
T000066,1981-04-30,1981-01-31,83.153755,83.89991,84.13194,84.353966,85.49336,84.90461,84.90779,83.90197,83.744995,85.00157,85.8,76.0
T000066,1981-07-31,1981-01-31,85.519585,83.9,84.40255,86.626595,86.92792,85.33392,87.37214,83.826416,85.16304,85.77476,84.7,79.0
T000067,1981-04-30,1981-01-31,205.95349,209.19861,212.7564,218.23917,215.93582,218.2381,210.13708,209.2302,216.32689,211.93285,215.6,184.8
T000067,1981-07-31,1981-01-31,213.11494,209.19997,216.90573,224.54527,222.88089,221.73892,212.41747,208.0717,223.85823,210.58455,221.9,194.5
T000068,1982-04-30,1982-01-31,29.502056,28.542305,28.036573,29.612228,28.52788,29.387035,28.681828,27.36006,29.711124,27.481817,30.42,31.36
T000068,1982-07-31,1982-01-31,29.740946,28.545073,28.43564,27.426702,28.146667,28.836443,30.787,27.67721,28.528706,28.404556,28.87,27.61
T000069,1982-04-30,1982-01-31,72.78691,69.73429,68.044075,66.54187,69.244026,65.14871,63.94338,65.7831,63.865597,66.75301,62.08,62.84
T000069,1982-07-31,1982-01-31,74.48245,69.74354,69.3778,72.65583,80.85225,74.756134,68.9009,66.84305,72.084526,71.29143,61.63,82.53
T000070,1982-04-30,1982-01-31,97.05915,91.8998,92.402534,92.73386,93.44304,95.19443,93.64148,91.90427,92.195045,94.11596,97.4,97.5
T000070,1982-07-31,1982-01-31,98.310005,91.899994,92.98886,88.84897,92.74623,95.200134,95.1695,91.74057,94.59351,93.92111,95.9,89.8
T000071,1989-10-31,1989-07-31,168.26059,163.0,163.58017,167.61635,163.5952,163.32245,164.1775,162.99963,164.40454,166.87486,168.0,164.0
T000071,1990-01-31,1989-07-31,168.7978,163.0,163.77202,172.4896,162.7394,162.96039,166.34119,162.99995,165.92505,167.70277,174.0,162.0
T000072,1980-04-30,1980-01-31,135.83621,136.34973,137.04196,138.56,137.84476,138.25467,137.33432,136.35588,138.08304,139.06947,138.13,131.47
T000072,1980-07-31,1980-01-31,137.58005,136.35,137.84929,139.83829,139.26682,139.60487,139.65439,136.13048,139.7138,139.29631,140.51,133.06
T000073,1980-04-30,1980-01-31,135.12267,135.59976,136.2185,137.74379,137.01875,137.61617,136.59775,135.60526,137.29625,138.3687,137.9,130.8
T000073,1980-07-31,1980-01-31,136.92624,135.6,136.94014,138.92723,138.38536,138.84238,138.91983,135.40378,138.9435,138.59297,139.8,132.3
T000074,1980-04-30,1980-01-31,142.09607,142.89964,143.7891,145.36847,144.6642,145.1176,143.9383,142.90755,144.92583,145.59799,145.8,136.9
T000074,1980-07-31,1980-01-31,143.88934,142.9,144.82642,146.995,146.40225,146.18774,146.20686,142.61792,146.8504,145.74026,148.5,138.6
T000075,1980-04-30,1980-01-31,139.04836,139.7996,140.80507,142.41888,141.51888,141.95424,140.81596,139.80853,141.70822,142.43501,142.3,134.0
T000075,1980-07-31,1980-01-31,141.00981,139.79999,141.97772,144.04564,143.21812,143.3036,143.07426,139.48114,143.4982,142.49411,144.6,135.7
T000076,1980-04-30,1980-01-31,1397.6948,1402.0967,1410.6816,1435.0599,1423.8486,1431.2411,1403.1649,1402.1729,1428.2483,1438.3549,1450.2,1321.0
T000076,1980-07-31,1980-01-31,1428.5498,1402.0999,1420.6942,1458.237,1445.9673,1459.2351,1405.7632,1399.3773,1452.6001,1425.7919,1505.1,1353.9
T000077,1988-04-30,1988-01-31,11605.221,11655.942,11802.895,11812.249,11679.175,11901.071,11665.758,11657.247,11676.825,12000.783,11820.0,11312.0
T000077,1988-07-31,1988-01-31,11790.414,11655.999,11974.28,11925.438,11763.234,11876.585,11641.576,11609.396,11838.778,11844.912,12084.0,11360.0
T000078,1988-04-30,1988-01-31,13080.555,13155.96,13258.053,13295.437,13158.762,13240.94,13140.559,13156.866,13240.454,13502.756,13696.0,12552.0
T000078,1988-07-31,1988-01-31,13232.994,13155.999,13377.121,13501.005,13348.786,13419.429,13150.412,13123.623,13383.225,13408.69,13856.0,12888.0
T000079,1988-04-30,1988-01-31,90863.65,91827.62,92802.14,93961.51,93322.08,94110.4,92022.45,91836.266,93826.35,94192.734,94644.0,86168.0
T000079,1988-07-31,1988-01-31,92651.17,91827.99,93938.7,95460.64,94919.25,94888.24,91828.836,91518.945,95829.82,93038.445,96596.0,87212.0
T000080,1988-04-30,1988-01-31,29607.047,29781.887,30072.31,30532.127,30131.525,30449.213,29823.85,29784.465,30293.574,30572.873,30066.0,28438.0
T000080,1988-07-31,1988-01-31,30127.344,29781.998,30411.023,30837.143,30517.84,30721.082,29772.148,29689.896,30783.752,30206.33,30565.0,28694.0
T000081,1988-04-30,1988-01-31,9793.023,9987.93,10167.366,10373.662,10235.687,10310.8955,10046.415,9989.522,10471.961,10171.161,10257.0,8867.0
T000081,1988-07-31,1988-01-31,10116.673,9987.998,10376.638,10744.516,10509.293,10458.752,9998.081,9931.095,10850.766,9988.205,10215.0,8963.0
T000082,1988-04-30,1988-01-31,77220.34,77725.74,78383.55,79752.92,78825.57,79793.35,77955.99,77731.58,79116.984,79597.93,80404.0,72736.0
T000082,1988-07-31,1988-01-31,78947.57,77725.99,79150.73,81140.5,79987.88,81030.22,77780.05,77517.39,80676.64,78590.375,81522.0,73379.0
T000083,1988-04-30,1988-01-31,16597.219,16736.225,16619.553,16616.482,16558.467,16579.504,16486.305,16463.479,16580.574,17038.377,16673.0,16380.0
T000083,1988-07-31,1988-01-31,16712.178,16736.863,16711.617,16966.55,16566.098,16860.004,16502.695,16536.646,16706.953,16960.277,16557.0,16399.0
T000084,1981-04-30,1981-01-31,212.48042,212.99774,218.79846,224.47693,215.753,213.22757,214.82475,213.04922,218.82777,215.0529,232.0,205.0
T000084,1981-07-31,1981-01-31,216.16138,212.99995,225.5637,222.10432,213.40547,215.68533,215.6024,211.1604,219.01326,211.85484,223.0,201.0
T000085,1988-04-30,1988-01-31,156.39943,152.99954,154.1597,130.71355,147.01726,148.94887,152.24612,153.00984,137.43442,154.6965,130.0,137.0
T000085,1988-07-31,1988-01-31,158.58606,152.99998,155.51274,151.46754,158.00897,149.1895,156.06296,152.63208,143.54759,157.75919,153.0,154.0
T000086,1983-04-30,1983-01-31,448.7499,442.99878,446.09253,497.2951,374.24466,513.704,431.2402,443.02625,501.10693,454.52643,562.0,282.0
T000086,1983-07-31,1983-01-31,514.94165,442.99997,449.70065,573.6132,467.0669,554.0069,446.54916,442.0189,551.2565,457.6188,772.0,431.0
T000087,1988-04-30,1988-01-31,40177.523,40215.863,40206.992,40377.637,40233.133,40449.32,40169.13,40195.125,40248.34,41530.293,41360.0,39028.0
T000087,1988-07-31,1988-01-31,40627.805,40215.914,40213.992,40976.883,40576.99,40699.152,40222.49,40200.688,40838.875,41307.625,42008.0,39732.0
T000088,1974-04-30,1974-01-31,133.62915,133.99954,135.1597,111.13765,122.12486,131.61076,132.88979,134.00984,109.931046,134.17282,106.0,103.0
T000088,1974-07-31,1974-01-31,138.92961,133.99998,136.51274,136.7661,137.7661,135.00453,137.34177,133.63208,139.01743,137.62779,134.0,129.0
T000089,1989-04-30,1989-01-31,17.599562,16.7946,16.439701,16.713684,16.345911,16.628561,16.766623,15.964954,16.200726,15.572604,18.1,18.1
T000089,1989-07-31,1989-01-31,17.678873,16.796541,16.719748,16.044588,16.711987,17.226522,19.27403,16.187517,16.088585,17.119513,17.0,18.2
T000090,1990-04-30,1990-01-31,18.662262,18.189203,17.479403,16.764767,17.483591,16.536179,17.392056,16.52991,15.563243,16.209646,19.1,18.4
T000090,1990-07-31,1990-01-31,18.637766,18.193087,18.039497,17.027302,17.877228,16.711565,19.947002,16.975035,15.744223,17.989574,17.2,18.6
T000091,1982-04-30,1982-01-31,10.849262,10.899352,12.562227,11.171145,11.046045,9.379998,12.257734,10.91411,7.226978,8.907705,8.2,6.6
T000091,1982-07-31,1982-01-31,11.682978,10.899986,14.501596,14.359852,10.882051,9.461803,14.094364,10.372645,5.375826,9.546136,7.3,5.3
T000092,1982-04-30,1982-01-31,62.53582,63.799156,65.96476,67.38632,65.354485,71.37968,66.15644,63.818375,60.71549,64.60031,63.5,47.6
T000092,1982-07-31,1982-01-31,70.44208,63.79998,68.49045,63.848343,66.20831,71.518684,67.43026,63.113213,64.841484,62.735046,66.7,45.5
T000093,1982-04-30,1982-01-31,201.04027,107.49417,93.96361,107.4991,91.5318,117.50516,72.24585,75.863884,96.5322,95.22886,86.9,204.3
T000093,1982-07-31,1982-01-31,215.48485,107.56819,104.640396,55.303238,103.79295,124.043655,78.247246,84.34906,174.29536,103.63575,135.0,186.3
T000094,1982-04-30,1982-01-31,53.637268,54.993927,54.59466,53.11814,57.040756,52.076706,55.755505,54.060574,46.753372,53.755844,50.2,37.0
T000094,1982-07-31,1982-01-31,57.7313,54.99611,54.909718,56.63498,58.192802,51.758083,58.065163,54.310955,46.578896,54.915375,55.5,40.5
T000095,1982-04-30,1982-01-31,76.92614,79.97773,78.51376,71.70116,80.08067,78.597664,78.119095,76.555435,70.37894,77.92278,81.1,58.9
T000095,1982-07-31,1982-01-31,82.16499,79.98574,79.66896,69.86277,81.41951,78.2051,80.803215,77.4735,73.96605,79.27229,81.7,64.5
T000096,1982-04-30,1982-01-31,463.83136,487.95715,465.42102,426.2105,499.5172,448.45377,448.9442,435.2746,452.17532,456.69083,490.2,456.1
T000096,1982-07-31,1982-01-31,470.63193,488.08044,483.20398,468.91855,448.54855,439.00482,446.6842,449.4073,372.45227,453.52814,472.9,391.4
T000097,1982-04-30,1982-01-31,1339.9951,1410.7164,1365.7772,1481.6616,1346.0004,1356.374,1332.859,1305.6624,1431.4335,1359.2365,1476.4,1238.3
T000097,1982-07-31,1982-01-31,1391.9298,1410.9623,1401.2382,1675.0688,1321.715,1362.5497,1327.9905,1333.8442,1374.7668,1343.1033,1385.3,1153.8
T000098,1982-04-30,1982-01-31,524.9043,534.56555,532.3031,570.4324,535.4542,545.54266,546.40625,529.2766,540.73706,539.42224,590.9,443.1
T000098,1982-07-31,1982-01-31,556.6558,534.57794,534.0884,596.2864,504.77798,547.8203,539.17126,530.69543,488.05893,523.6466,536.4,386.6
T000099,1992-04-30,1992-01-31,64.13278,64.999695,65.77313,67.04785,66.36843,66.000565,66.07685,65.00656,66.35002,65.40017,64.4,59.9
T000099,1992-07-31,1992-01-31,65.64158,64.99999,66.67516,68.18977,67.79238,66.43411,68.31661,64.75472,66.621475,66.00179,63.4,61.0
T000100,1984-01-31,1983-10-31,707.92535,823.5465,616.2405,549.28357,529.9735,440.2706,272.66376,338.92902,308.52655,462.28568,202.9,454.2
T000100,1984-04-30,1983-10-31,798.4662,824.68054,779.82294,643.0085,888.3764,725.182,373.83997,468.93317,450.18802,601.729,304.0,1009.4
T000101,1997-04-30,1997-01-31,172.143,172.79974,173.45717,175.66762,173.86378,175.50877,173.48135,172.80559,176.47852,176.463,177.7,162.3
T000101,1997-07-31,1997-01-31,175.60854,172.8,174.22389,177.393,176.82507,179.10495,176.17436,172.59152,180.21019,176.72652,180.3,168.3
T000102,1988-04-30,1988-01-31,17915.826,18015.975,18079.396,18130.09,18100.273,18321.03,18069.01,18016.54,18067.2,18549.855,18312.0,17352.0
T000102,1988-07-31,1988-01-31,18125.178,18016.0,18153.363,18241.887,18163.785,18318.27,18035.941,17995.887,18343.955,18374.15,18508.0,17316.0
T000103,1982-04-30,1982-01-31,219.72452,217.99864,221.47908,201.9059,211.75987,214.88342,216.74156,218.02954,195.23859,220.47781,207.0,198.0
T000103,1982-07-31,1982-01-31,222.31718,217.99997,225.53822,219.3851,226.41402,219.90195,220.59167,216.89624,225.70609,222.77388,229.0,219.0
T000104,1988-04-30,1988-01-31,617.53064,589.8313,578.74066,546.57416,584.9882,544.8029,554.49646,563.90485,544.11,579.773,640.0,582.0
T000104,1988-07-31,1988-01-31,612.52277,589.89197,587.4921,537.12994,624.4868,572.36304,566.972,570.8599,555.171,597.4972,700.0,647.0
T000105,1988-04-30,1988-01-31,200.69873,202.973,201.1985,190.90353,199.82246,196.18263,199.51169,198.82477,192.48103,202.63683,183.0,186.0
T000105,1988-07-31,1988-01-31,201.87611,202.98271,202.59874,200.21938,203.94653,195.49132,202.81786,199.93758,196.06209,205.07784,197.0,195.0
T000106,1984-04-30,1984-01-31,194.24991,186.99513,199.48604,179.83023,166.42953,175.3386,178.79924,187.10599,165.59613,175.11037,125.5,115.9
T000106,1984-07-31,1984-01-31,200.72015,186.9999,214.05386,221.86739,223.62115,195.30815,187.41719,183.03871,196.4147,184.41501,201.2,198.8
T000107,1988-04-30,1988-01-31,141.80928,133.99864,137.47908,136.87352,135.08475,130.38353,136.88635,134.02954,137.72444,134.77959,127.0,127.0
T000107,1988-07-31,1988-01-31,144.94304,133.99997,141.53822,145.30057,129.43463,128.31172,137.2821,132.89624,144.10562,133.59323,121.0,117.0
T000108,1989-04-30,1989-01-31,7671.7705,7871.8755,8191.3022,8439.941,7364.387,8117.3076,7772.303,7874.7104,8281.293,7881.9663,7346.0,5827.0
T000108,1989-07-31,1989-01-31,8237.251,7871.9976,8563.842,9327.324,8227.386,8713.061,7839.256,7770.699,8912.88,7798.3413,8445.0,7248.0
T000109,1989-04-30,1989-01-31,26688.883,27373.588,28430.094,29608.041,27231.184,27486.73,27208.896,27382.965,29203.932,27664.979,28424.0,21448.0
T000109,1989-07-31,1989-01-31,28721.701,27373.992,29662.27,31356.33,29147.574,29870.693,27278.188,27038.945,30664.754,27098.803,30330.0,24757.0
T000110,1989-01-31,1988-10-31,115.448265,91.99325,91.54963,87.47894,103.05777,101.84836,97.09127,90.95619,96.698906,94.65643,102.0,128.0
T000110,1989-04-30,1988-10-31,117.81548,91.99568,91.89969,94.74216,96.40384,99.3561,94.73253,91.2344,80.225174,90.08438,83.0,80.0
T000111,1989-01-31,1988-10-31,3680.4155,3580.4197,3542.2678,3652.6917,3643.324,3859.2551,3535.1155,3491.2327,3621.5286,3669.566,3681.0,3792.0
T000111,1989-04-30,1988-10-31,3771.3254,3580.6284,3572.373,3486.3901,3528.5613,3722.8562,3506.986,3515.158,3491.338,3593.54,3717.0,3432.0
T000112,1988-04-30,1988-01-31,469.58737,438.99878,442.09253,428.26456,448.32153,440.95297,444.7759,439.02625,445.44495,449.89417,464.0,451.0
T000112,1988-07-31,1988-01-31,473.9415,438.99997,445.70065,467.3714,434.10916,439.16788,442.59573,438.0189,455.54303,445.63486,414.0,415.0
T000113,1987-04-30,1987-01-31,343.39838,334.0945,348.20963,368.13315,335.87973,352.52835,328.4321,334.2198,369.17484,336.9561,316.7,306.1
T000113,1987-07-31,1987-01-31,361.19678,334.09988,364.6717,388.08875,372.68576,385.03168,333.77042,329.62363,382.37433,334.28235,280.5,353.4
T000114,1988-10-31,1988-07-31,11506.288,11625.254,11444.698,10938.674,11751.218,11627.953,11337.413,11203.171,11538.171,11626.532,12752.0,11576.0
T000114,1989-01-31,1988-07-31,11582.058,11626.241,11587.172,12198.396,11147.518,11552.145,11273.9795,11316.399,10762.971,11498.319,11134.0,10775.0
T000115,1988-04-30,1988-01-31,169.73064,169.99744,176.5716,171.10104,169.7986,166.7814,170.51468,170.05579,161.44081,169.63617,162.0,159.0
T000115,1988-07-31,1988-01-31,171.69682,169.99994,184.23888,175.89862,174.10735,167.11743,172.20845,167.91512,173.02225,168.44118,171.0,164.0
T000116,1991-04-30,1991-01-31,680.2054,657.39886,660.3766,667.22845,667.83093,660.594,659.8021,657.4253,665.4214,677.4395,655.9,686.6
T000116,1991-07-31,1991-01-31,680.7922,657.4,663.8494,672.43585,668.2626,658.34015,659.7793,656.4557,667.28937,672.7142,672.3,663.2
T000117,1991-04-30,1991-01-31,437.17618,438.999,441.55133,441.25452,439.2692,442.8514,440.62482,439.02167,440.3348,450.96927,449.8,431.3
T000117,1991-07-31,1991-01-31,439.90945,438.99997,444.52805,443.03854,439.55487,443.72137,442.17108,438.19058,443.09247,448.15848,462.6,429.6
T000118,1991-04-30,1991-01-31,196.07013,187.39983,187.82521,189.98154,190.46458,187.48663,188.31541,187.40361,186.37729,192.5493,188.0,197.0
T000118,1991-07-31,1991-01-31,196.362,187.4,188.32132,190.47083,190.9886,186.67941,190.3862,187.26509,186.62885,192.86017,194.6,192.5
T000119,1991-04-30,1991-01-31,117.5928,105.99985,106.386566,107.70762,109.86308,105.606224,106.74397,106.00328,103.63979,108.342865,108.0,119.0
T000119,1991-07-31,1991-01-31,117.47128,106.0,106.83758,106.30742,110.75078,104.218704,108.86916,105.87736,103.07002,109.405334,111.0,114.0
T000120,1996-04-30,1996-01-31,286.5599,286.97867,272.42776,263.30463,268.1908,255.28891,253.6236,252.96313,239.51064,267.74646,297.7,297.5
T000120,1996-07-31,1996-01-31,285.01642,287.05826,283.9097,272.2737,274.06772,262.52017,258.67963,262.08817,241.05534,273.7379,306.7,292.9
T000121,1980-04-30,1980-01-31,19.608835,19.899847,20.29043,20.404205,20.1643,20.397854,20.875526,19.903315,20.350225,19.132187,20.0,18.52
T000121,1980-07-31,1980-01-31,20.058216,19.899996,20.745956,20.734688,20.524359,20.62955,23.174984,19.776133,20.791536,20.238733,20.19,18.68
T000122,1980-04-30,1980-01-31,918.6587,923.6976,929.9237,944.81934,938.1277,942.97943,925.2679,923.75287,938.8209,947.2086,942.6,875.8
T000122,1980-07-31,1980-01-31,934.7239,923.69995,937.1851,957.50525,951.87317,953.9106,927.1302,921.7255,953.16113,939.50433,951.7,891.4
T000123,1980-04-30,1980-01-31,149.11107,149.4892,148.7794,149.49796,148.50092,147.8095,148.54967,147.8299,147.75172,151.63931,147.8,148.3
T000123,1980-07-31,1980-01-31,149.15303,149.49309,149.3395,149.57024,149.61594,149.61322,151.2465,148.27502,147.8888,152.79741,146.6,150.0
T000124,1980-04-30,1980-01-31,49.744225,49.69997,49.777313,49.811954,48.98099,50.024426,50.48115,49.700657,50.102055,49.90644,47.9,48.0
T000124,1980-07-31,1980-01-31,50.14194,49.7,49.86752,50.042313,49.992565,50.676407,52.995777,49.675472,50.883186,51.206177,47.1,49.6
T000125,1980-04-30,1980-01-31,18.871202,18.809582,19.880783,19.308157,18.899223,19.087646,19.447369,18.81909,18.974247,17.590591,19.25,16.79
T000125,1980-07-31,1980-01-31,19.431751,18.80999,21.130096,21.395369,20.755135,20.382708,21.887547,18.470285,20.824368,18.791716,21.46,19.03
T000126,1988-04-30,1988-01-31,120.31385,108.999245,110.93282,114.18135,115.83815,109.44282,109.90255,109.01641,112.54168,110.590805,113.0,123.0
T000126,1988-07-31,1988-01-31,119.969345,108.999985,113.187904,111.28948,116.46995,108.516815,111.58592,108.386795,105.65779,110.837494,115.0,116.0
T000127,1990-04-30,1990-01-31,1254.691,1258.998,1264.0254,1284.6907,1275.3121,1288.6979,1259.6163,1259.0426,1285.9344,1292.8081,1281.0,1180.0
T000127,1990-07-31,1990-01-31,1283.4564,1259.0,1269.8885,1306.6296,1295.051,1309.3148,1263.187,1257.4056,1313.7081,1283.3638,1303.0,1216.0
T000128,1990-04-30,1990-01-31,6926.682,6949.9766,7010.6904,7080.274,6963.8315,7030.632,6951.0503,6950.515,7019.6763,7141.192,7244.0,6749.0
T000128,1990-07-31,1990-01-31,7005.1533,6949.9995,7081.5,7152.239,7021.5503,7112.174,6946.5576,6930.7456,7092.7866,7072.1743,7413.0,6817.0
T000129,1990-04-30,1990-01-31,206.48569,180.19878,183.33118,192.30823,191.09564,185.62373,179.15154,180.22658,170.73195,184.9558,204.6,200.0
T000129,1990-07-31,1990-01-31,209.37535,180.19997,186.98439,195.07687,193.9905,188.23543,181.94008,179.2066,170.18091,186.38634,208.0,201.7
T000130,1990-04-30,1990-01-31,156.67343,158.69913,160.94208,166.19388,164.07483,165.57854,159.75648,158.71902,164.391,160.8267,164.4,140.6
T000130,1990-07-31,1990-01-31,162.75171,158.69998,163.55797,170.86475,169.21881,168.86295,162.0458,157.98868,170.382,159.9962,169.5,147.2
T000131,1990-04-30,1990-01-31,13570.058,13617.9795,13669.413,13782.4,13737.409,13778.77,13624.017,13618.437,13743.074,14023.377,13752.0,13223.0
T000131,1990-07-31,1990-01-31,13701.5,13618.0,13729.398,13889.902,13850.927,13849.69,13622.274,13601.688,13874.56,13916.685,13888.0,13353.0
T000132,1980-04-30,1980-01-31,37806.36,37867.875,38189.62,38501.594,37624.08,38272.246,37830.83,37870.73,38191.17,38989.617,38596.0,36888.0
T000132,1980-07-31,1980-01-31,38304.902,37867.996,38564.867,38650.69,38098.875,38792.297,37824.06,37765.965,38536.945,38615.926,39804.0,37444.0
T000133,1980-04-30,1980-01-31,22851.902,22611.955,22724.877,22265.303,22638.52,22856.984,22591.541,22612.959,22660.627,23392.02,22732.0,22460.0
T000133,1980-07-31,1980-01-31,23113.256,22612.0,22856.574,22416.193,22759.943,22975.967,22592.1,22576.19,23144.652,23210.215,22852.0,22616.0
T000134,1993-04-30,1993-01-31,2253.4922,213.54785,183.82498,1727.0048,583.6289,426.72314,250.29709,144.06494,-94.287964,194.71693,289.0,3315.0
T000134,1993-07-31,1993-01-31,2131.1472,213.71045,207.2789,2025.4836,810.42126,143.72632,102.98738,162.7045,-546.7123,93.48718,126.0,1260.0
T000135,1980-04-30,1980-01-31,487.96628,504.99036,529.7401,514.2203,497.5672,523.4959,503.3838,505.21002,526.39343,505.45078,492.0,402.0
T000135,1980-07-31,1980-01-31,514.9301,504.9998,558.60516,555.125,532.8097,537.8423,505.43723,497.151,567.38824,496.68344,546.0,455.0
T000136,1980-04-30,1980-01-31,142.90245,144.09949,145.41434,136.6099,144.97186,143.09743,144.70753,144.11116,136.29468,146.26254,140.5,132.5
T000136,1980-07-31,1980-01-31,145.05101,144.09999,146.94778,144.44208,148.45444,143.88422,147.35683,143.68303,144.62831,147.07114,141.8,139.2
T000137,1990-04-30,1990-01-31,100.59052,84.01937,85.628105,83.94037,89.66902,82.576614,85.52053,84.033646,79.630844,85.231804,90.17,97.88
T000137,1990-07-31,1990-01-31,101.73518,84.01998,87.504326,83.40248,89.67966,81.39598,86.817085,83.50981,78.93495,85.6114,92.21,87.45
T000138,1990-04-30,1990-01-31,32.944664,24.644331,24.271687,26.243948,24.68075,24.870913,25.023422,23.773201,22.754578,24.061125,24.84,34.07
T000138,1990-07-31,1990-01-31,33.502254,24.64637,24.565735,27.819185,25.4939,24.09009,26.99679,24.006891,22.50196,25.221762,24.62,27.75
T000139,1995-04-30,1995-01-31,46.194004,36.79979,37.34119,37.779068,39.36352,37.82361,37.913322,36.804592,33.488125,37.00544,39.6,43.9
T000139,1995-07-31,1995-01-31,47.334244,36.799995,37.97261,38.54828,39.52214,38.032654,39.872894,36.628304,33.595177,38.082184,41.9,39.3
T000140,1991-04-30,1991-01-31,121.430664,111.9865,111.09925,102.9407,100.10182,105.70432,108.79871,109.912384,80.69725,110.68504,77.0,84.0
T000140,1991-07-31,1991-01-31,127.05866,111.991356,111.79937,127.57029,115.30028,102.30553,113.56961,110.46879,118.95927,116.24694,104.0,109.0
T000141,1991-04-30,1991-01-31,125.549126,114.99325,114.54963,106.97798,114.140465,111.04156,113.67025,113.95619,101.42381,115.47837,91.0,109.0
T000141,1991-07-31,1991-01-31,126.94224,114.99568,114.89969,121.05373,119.74714,108.59703,117.19546,114.2344,127.15792,119.21583,111.0,119.0
T000142,1991-04-30,1991-01-31,103.07728,100.0,100.58017,100.2416,100.7054,99.79366,100.77137,99.99963,99.64326,101.89847,98.0,102.0
T000142,1991-07-31,1991-01-31,102.92506,100.0,100.77202,102.081406,100.93764,99.30965,103.21814,99.999954,99.31577,103.175514,100.0,102.0
T000143,1991-04-30,1991-01-31,118.666695,105.999695,106.77313,110.947784,110.92988,104.610756,106.55447,106.00656,103.149,108.056274,108.0,119.0
T000143,1991-07-31,1991-01-31,118.525375,105.99999,107.67516,110.6046,111.89944,102.89543,108.748764,105.75472,102.65491,109.28855,111.0,115.0
T000144,1991-04-30,1991-01-31,115.40084,100.946014,97.39701,103.411,93.35878,89.68758,92.99829,92.64954,90.73095,96.127686,86.0,110.0
T000144,1991-07-31,1991-01-31,115.582275,100.96542,100.19748,115.41168,95.99839,86.706474,96.25972,94.87517,90.2446,100.14446,89.0,109.0
T000145,1990-04-30,1990-01-31,307.60974,307.199,309.75134,306.30963,308.48267,308.12778,308.97958,307.22168,308.57605,315.11584,306.8,304.9
T000145,1990-07-31,1990-01-31,309.2081,307.19998,312.72806,306.04453,306.29285,308.1721,310.27713,306.3906,310.11465,313.05307,309.5,299.8
T000146,1980-04-30,1980-01-31,142.90245,144.09949,145.41434,136.6099,144.97186,143.11365,144.70753,144.11116,136.32169,146.26254,140.5,132.5
T000146,1980-07-31,1980-01-31,145.05101,144.09999,146.94778,144.44208,148.45444,143.9045,147.35683,143.68303,144.61601,147.07114,141.8,139.2
T000147,1980-04-30,1980-01-31,135.8377,136.19952,137.39835,138.01651,135.57443,137.34715,136.9886,136.21017,137.54922,138.5039,137.6,131.5
T000147,1980-07-31,1980-01-31,137.2424,136.19998,138.7965,140.30548,137.32063,139.18958,139.35504,135.81981,138.63818,138.80528,137.6,134.0
T000148,1980-04-30,1980-01-31,136.23253,136.39986,136.7479,136.6396,134.82166,137.24521,137.0448,136.40295,137.74689,139.26576,138.5,131.9
T000148,1980-07-31,1980-01-31,137.5707,136.4,137.15381,137.36156,136.9552,138.94345,139.6788,136.28961,139.29422,140.04303,136.8,135.5
T000149,1980-04-30,1980-01-31,152.19891,153.4994,155.0076,154.44377,154.87039,154.44658,154.36191,153.5128,152.94579,156.40236,152.9,145.6
T000149,1980-07-31,1980-01-31,154.16003,153.49998,156.76656,156.88129,157.04872,155.0407,156.69133,153.0217,155.33847,156.52682,151.6,149.0
T000150,1980-04-30,1980-01-31,129.08154,128.99663,128.77481,129.64618,127.61887,129.42212,129.04893,128.4781,129.83423,131.34538,131.9,125.5
T000150,1980-07-31,1980-01-31,130.23148,128.99783,128.94984,129.58914,129.7506,131.58234,131.82306,128.6172,130.97484,132.42786,130.1,129.2
T000151,1980-04-30,1980-01-31,141.21204,142.89926,144.79416,141.00719,145.53087,143.15274,143.91415,142.91608,142.80017,144.81697,141.1,133.1
T000151,1980-07-31,1980-01-31,143.19371,142.89998,147.00414,144.51578,148.32466,144.33095,146.10025,142.29906,145.61935,144.86316,142.4,136.3
T000152,1980-04-30,1980-01-31,2.6216915,2.529985,2.5686567,1.9111714,2.6099832,2.4451768,3.4871426,2.530328,2.1924298,1.3394179,2.37,1.97
T000152,1980-07-31,1980-01-31,2.7485447,2.5299997,2.6137583,2.013322,2.6675901,2.4364548,5.848204,2.517736,2.3140492,2.765724,2.49,2.0
T000153,1980-04-30,1980-01-31,6.3768954,6.469757,7.0923686,7.306806,6.8369927,6.236932,7.5065694,6.475283,6.8016033,5.096522,5.99,5.82
T000153,1980-07-31,1980-01-31,6.59084,6.4699945,7.8185053,7.1176815,6.4741592,6.2523546,9.697422,6.2725487,6.4770393,6.1667953,5.31,5.19
T000154,1991-04-30,1991-01-31,126.02046,121.99895,124.705956,104.49967,118.43539,120.063805,121.83973,122.02297,107.54184,122.55326,95.0,110.0
T000154,1991-07-31,1991-01-31,128.14407,121.99998,127.86307,122.79071,126.61281,119.19994,124.81233,121.14152,125.93607,124.44495,113.0,121.0
T000155,1991-04-30,1991-01-31,127.65609,119.699394,121.246254,124.43628,122.76848,116.67286,118.77874,119.71312,116.24117,120.81118,109.7,120.5
T000155,1991-07-31,1991-01-31,127.48668,119.69998,123.05032,130.16455,129.1771,118.63563,122.23868,119.209435,129.0437,123.548,125.1,130.7
T000156,1988-04-30,1988-01-31,120.31385,108.999245,110.93282,114.18135,115.83815,109.44282,109.90255,109.01641,112.54168,110.590805,113.0,123.0
T000156,1988-07-31,1988-01-31,119.969345,108.999985,113.187904,111.28948,116.46995,108.516815,111.58592,108.386795,105.65779,110.837494,115.0,116.0
T000157,1990-04-30,1990-01-31,771.4412,609.98944,637.0595,625.6087,706.7752,636.43475,611.3364,610.22974,594.87427,630.6605,721.0,810.0
T000157,1990-07-31,1990-01-31,786.6215,609.99976,668.6307,682.0134,714.85236,631.65247,603.3274,601.41516,603.3034,613.5005,741.0,706.0
T000158,1990-04-30,1990-01-31,110.0747,89.39931,91.1782,95.14311,98.21933,91.87794,90.39985,89.4151,85.12011,91.88251,97.0,112.1
T000158,1990-07-31,1990-01-31,111.96962,89.39999,93.25287,99.94069,99.25246,90.232315,91.82738,88.83585,84.87712,91.86936,98.2,100.6
T000159,1990-04-30,1990-01-31,1498.3883,1512.2935,1529.2703,1550.2812,1535.5396,1553.8956,1516.2953,1512.4441,1539.6575,1549.757,1550.6,1424.2
T000159,1990-07-31,1990-01-31,1529.1119,1512.2999,1549.0698,1573.4746,1560.8153,1566.3733,1515.2323,1506.9161,1567.039,1531.0153,1592.5,1439.4
T000160,1990-04-30,1990-01-31,115.49595,108.39964,109.32776,106.81192,111.25363,109.56952,110.83277,108.407875,106.11599,110.63071,115.1,116.1
T000160,1990-07-31,1990-01-31,116.44192,108.399994,110.410194,106.94584,108.73304,109.84156,111.70453,108.10567,107.365204,109.77729,118.0,103.1
T000161,1990-04-30,1990-01-31,204.17767,194.59798,194.46489,195.69455,196.63231,194.23302,195.05774,194.28687,192.89784,199.81987,198.6,206.0
T000161,1990-07-31,1990-01-31,204.05489,194.59871,194.56992,194.99432,197.5152,193.30853,197.30084,194.37032,192.38484,200.47214,205.7,201.7
T000162,1980-04-30,1980-01-31,156.1774,156.99849,160.86565,130.04575,140.22046,153.61052,154.80725,157.03282,123.39619,156.13263,123.0,114.0
T000162,1980-07-31,1980-01-31,163.54134,156.99997,165.37581,166.40784,163.35896,158.72447,159.85059,155.77359,163.44603,159.9297,165.0,151.0
T000163,1980-04-30,1980-01-31,162.72945,163.9979,169.4119,134.21704,144.88318,160.22972,161.08133,164.04594,123.75533,161.78113,123.0,114.0
T000163,1980-07-31,1980-01-31,170.77707,163.99995,175.72614,174.06778,173.26659,166.84612,166.5473,162.28304,172.22797,165.99283,178.0,158.0
T000164,1988-04-30,1988-01-31,83.7836,84.99774,90.79847,95.287415,91.81294,98.35949,86.93555,85.049225,89.453575,84.955284,88.0,58.0
T000164,1988-07-31,1988-01-31,94.11043,84.999954,97.563705,90.61313,99.51695,104.02771,88.09216,83.16039,92.309586,82.48641,79.0,62.0
T000165,1987-01-31,1986-10-31,180.09831,182.93927,178.94664,175.79713,176.73166,179.68619,173.21664,173.60574,180.16988,180.53368,194.0,171.0
T000165,1987-04-30,1986-10-31,185.0234,182.9611,182.09717,188.21687,184.34996,183.67952,177.63135,176.10956,186.84575,183.0145,279.0,184.0
T000166,1989-04-30,1989-01-31,47.53149,42.9997,43.77313,44.832638,43.18411,46.198692,43.784042,43.00656,42.57012,43.7476,43.0,42.0
T000166,1989-07-31,1989-01-31,50.412907,42.999992,44.675163,47.277767,43.932163,47.928684,46.14559,42.75472,43.746185,44.616787,39.0,43.0
T000167,1989-04-30,1989-01-31,515.11536,518.99475,532.5298,560.72766,533.08203,543.1937,521.22766,519.11487,539.42664,524.8545,530.0,462.0
T000167,1989-07-31,1989-01-31,539.02344,518.9999,548.3153,574.2401,549.3147,569.3652,521.40686,514.7076,560.44037,514.2487,519.0,475.0
T000168,1992-04-30,1992-01-31,5.9587655,5.8996625,5.8774815,5.8514094,5.854389,5.8383937,6.7660756,5.8478093,5.848777,4.839815,5.79,5.97
T000168,1992-07-31,1992-01-31,5.9565196,5.8997836,5.8949842,5.851166,5.8703165,5.843851,9.152813,5.8617196,5.860606,6.268559,5.74,5.96
T000169,1971-10-31,1971-07-31,100.55944,100.599815,101.06387,101.13268,100.69993,100.17597,101.685905,100.603935,101.13147,102.29124,100.0,99.8
T000169,1972-01-31,1971-07-31,100.73245,100.59999,101.605095,101.50236,100.330444,99.99586,103.87355,100.45283,100.33094,102.89407,98.4,99.0
T000170,1971-10-31,1971-07-31,131.25491,132.29948,133.61432,134.40456,133.92685,133.47011,133.53743,132.31116,134.15701,134.2927,133.2,125.5
T000170,1972-01-31,1971-07-31,133.21216,132.29999,135.14778,135.89296,135.77867,134.25308,135.59296,131.88303,135.50403,134.1665,132.7,126.2
T000171,1971-10-31,1971-07-31,113.90584,114.19989,114.47059,115.176056,114.88082,115.02797,115.12863,114.20229,114.89035,116.460365,114.8,111.7
T000171,1972-01-31,1971-07-31,114.60082,114.2,114.7863,115.77919,115.56638,115.447174,117.51392,114.11415,115.63214,117.158875,115.9,112.7
T000172,1971-10-31,1971-07-31,131.3801,131.49973,132.19582,133.21793,131.61697,133.90614,132.79742,131.5059,133.06998,134.18788,133.2,128.8
T000172,1972-01-31,1971-07-31,133.04916,131.5,133.00764,134.17017,130.92941,134.53935,134.82661,131.27925,134.70317,134.01985,134.9,127.5
T000173,1989-10-31,1989-07-31,649.04425,692.9854,730.49677,809.0437,757.9536,752.7994,703.2731,693.3183,819.05505,689.3424,807.0,435.0
T000173,1990-01-31,1989-07-31,724.2363,692.9997,774.24536,861.72626,826.4358,780.96344,697.64825,681.1039,912.816,662.33386,905.0,482.0
T000174,1989-07-31,1989-04-30,354.4042,365.95276,362.84738,457.9463,361.82446,398.1739,372.89526,358.69336,392.93094,364.57333,352.0,266.0
T000174,1989-10-31,1989-04-30,393.4369,365.96976,365.2978,489.64758,352.9345,407.6742,368.2417,360.64078,387.44492,350.2822,368.0,231.0
T000175,1975-04-30,1975-01-31,38.099335,36.99325,36.549625,33.467163,36.095387,35.868526,36.795536,35.956192,35.748524,35.68138,34.0,38.0
T000175,1975-07-31,1975-01-31,37.775074,36.995678,36.899685,33.43341,36.470837,38.660904,39.298363,36.234394,36.32129,37.296032,32.0,38.0
T000176,1990-04-30,1990-01-31,82.185234,83.997284,90.95816,94.25232,87.44757,97.70892,86.05728,84.05907,88.86812,83.57259,91.0,61.0
T000176,1990-07-31,1990-01-31,91.616554,83.99994,99.076454,94.56655,92.801765,103.23572,86.80124,81.79247,90.5097,80.33924,92.0,62.0
T000177,1989-10-31,1989-07-31,439.99237,453.87177,445.4429,480.03198,448.26028,446.5813,436.6127,434.16766,455.67523,444.1067,394.0,364.0
T000177,1990-01-31,1989-07-31,466.18292,453.91788,452.09402,505.2032,456.48077,474.15515,441.6136,439.45352,476.36588,443.95737,378.0,395.0
T000178,1980-04-30,1980-01-31,20.11692,20.119967,20.208912,20.262293,20.082298,20.2135,21.033468,20.120756,20.218689,19.513456,20.38,19.9
T000178,1980-07-31,1980-01-31,20.213593,20.12,20.312647,20.34361,20.1898,20.32068,23.409645,20.091793,20.30299,20.81095,20.23,20.02
T000179,1980-04-30,1980-01-31,2.9789095,2.8493247,2.8049626,2.8415332,2.8880274,2.8015804,3.7268074,2.7456193,2.802145,1.6709738,3.0,2.87
T000179,1980-07-31,1980-01-31,3.0767903,2.8495674,2.8399684,2.934753,2.5888202,2.7860084,6.071288,2.7734396,2.6791432,3.0607536,2.73,2.5
T000180,1980-04-30,1980-01-31,383.55276,381.99835,386.2522,376.5508,382.48227,377.51004,383.33548,382.0361,387.49283,388.93546,350.0,373.0
T000180,1980-07-31,1980-01-31,383.49042,381.99997,391.21338,373.85388,383.87686,379.23224,384.8053,380.65094,393.90427,387.56,333.0,373.0
T000181,1980-04-30,1980-01-31,4.323492,4.390552,3.7694767,3.6991568,3.6681015,3.2618613,3.883862,2.9386704,2.4323268,2.209368,2.0,3.3
T000181,1980-07-31,1980-01-31,4.696848,4.3939495,4.2595596,4.71157,3.9803293,3.373361,6.3909783,3.328154,3.0384808,3.9011724,2.1,3.6
T000182,1980-04-30,1980-01-31,7890.993,7912.987,7947.4043,8032.8154,7984.0684,7999.3545,7911.841,7913.292,7980.538,8146.8784,8053.0,7625.0
T000182,1980-07-31,1980-01-31,8002.0767,7912.9995,7987.545,8099.9653,8064.181,8030.069,7916.1963,7902.085,8038.161,8082.4004,8172.0,7756.0
T000183,1980-04-30,1980-01-31,1.090525,1.0899985,1.093866,1.1029907,1.0931156,1.0938877,2.0136795,1.0900328,1.09163,-0.08946487,1.1,1.09
T000183,1980-07-31,1980-01-31,1.0931764,1.09,1.0983762,1.0948697,1.0885057,1.0939457,4.393123,1.0887736,1.0899812,1.3476894,1.09,1.08
T000184,1980-04-30,1980-01-31,74.564476,70.81104,58.38954,48.576912,60.740295,51.36966,42.866795,41.773407,45.759987,51.23564,43.0,55.0
T000184,1980-07-31,1980-01-31,84.25311,70.879,68.191185,65.57335,65.98797,52.228962,47.83663,49.563072,52.53691,57.228367,54.0,60.0
T000185,1980-04-30,1980-01-31,104.21263,108.99623,118.66411,122.160126,110.215454,108.366135,111.80473,109.08204,114.92009,105.19693,123.0,87.0
T000185,1980-07-31,1980-01-31,110.679535,108.999916,129.93951,119.749565,110.3535,110.788574,111.43803,105.93399,112.22951,100.40323,110.0,82.0
T000186,1980-04-30,1980-01-31,365.75894,365.99908,368.3194,370.83566,367.43814,366.07047,367.4242,366.01968,366.71146,375.70807,370.0,364.0
T000186,1980-07-31,1980-01-31,366.67438,365.99997,371.02548,368.02014,365.82327,365.69794,369.02808,365.26416,365.1542,373.76547,370.0,361.0
T000187,1980-04-30,1980-01-31,20.728767,26.1008,19.579506,11.828386,15.756651,13.6193075,11.090205,10.856039,7.723616,13.782202,8.7,9.1
T000187,1980-07-31,1980-01-31,24.743135,26.136473,24.725376,23.450163,23.453579,17.35028,15.631313,14.945614,16.264034,18.516748,16.0,20.4
T000188,1980-04-30,1980-01-31,7.9995546,8.199352,9.862228,7.122935,8.475156,5.330185,9.515353,8.214111,6.796263,6.135691,6.3,4.9
T000188,1980-07-31,1980-01-31,8.588341,8.1999855,11.801598,7.263468,7.8597116,4.808607,11.359707,7.6726456,5.0526514,6.760821,5.3,3.4
T000189,1980-04-30,1980-01-31,70.25911,71.099396,72.646255,72.676025,70.56586,72.551216,71.912125,71.11313,73.076965,71.33611,71.7,65.8
T000189,1980-07-31,1980-01-31,71.8991,71.09998,74.45032,74.54883,72.46051,73.51853,74.20846,70.609436,75.033066,71.79497,76.8,68.3
T000190,1968-04-30,1968-01-31,222.04735,331.5356,235.26895,176.7725,184.24521,135.08444,114.66002,106.4939,91.069855,160.8873,96.0,84.0
T000190,1968-07-31,1968-01-31,274.6949,332.06223,311.2317,269.09717,235.14746,130.78491,135.66801,166.86389,166.10883,194.83304,154.0,144.0
T000191,1972-04-30,1972-01-31,93.645,89.905525,83.69477,104.00916,79.289375,87.75695,74.93932,75.3867,97.18218,80.87703,126.0,98.0
T000191,1972-07-31,1972-01-31,97.20863,89.9395,88.5956,113.236374,85.58773,100.56952,79.32672,79.28154,100.96063,83.92164,80.0,102.0
T000192,1991-04-30,1991-01-31,91.36104,83.97301,82.1985,73.414185,82.86506,78.281235,78.86947,79.824776,69.021904,81.87512,66.0,80.0
T000192,1991-07-31,1991-01-31,92.8888,83.98271,83.59874,78.47549,90.68718,80.08694,83.10214,80.937584,88.65437,86.19332,79.0,93.0
T000193,1989-04-30,1989-01-31,756.0476,831.36566,789.6649,622.46106,789.17957,775.7611,753.319,733.88214,619.4773,769.9881,621.0,448.0
T000193,1989-07-31,1989-01-31,856.31604,831.59375,822.57043,568.1819,799.31146,772.6799,758.85535,760.0332,656.8734,770.34265,638.0,507.0
T000194,1987-04-30,1987-01-31,109.50392,104.19965,105.089096,106.53202,107.36181,104.06076,105.121895,104.20754,105.63874,106.04744,103.3,110.7
T000194,1987-07-31,1987-01-31,109.333755,104.19999,106.12643,105.05407,107.64311,103.53239,107.17408,103.91792,104.438934,106.649765,102.1,107.4
T000195,1987-04-30,1987-01-31,39.008347,38.5,39.08017,38.684227,38.553463,38.65665,39.449234,38.499634,38.451305,38.64034,38.5,38.8
T000195,1987-07-31,1987-01-31,39.211655,38.5,39.27202,39.067806,38.57196,38.69065,41.80277,38.49995,38.438583,39.826973,38.8,38.5
T000196,1987-04-30,1987-01-31,3123.3625,2108.8774,2423.6636,3222.1626,2537.4285,1802.315,2233.84,2111.6714,2769.1653,1781.881,4051.0,2840.0
T000196,1987-07-31,1987-01-31,2913.7485,2108.9976,2790.7908,2876.929,2132.7642,1579.4485,2064.0825,2009.1707,1178.76,1678.3281,4025.0,1638.0
T000197,1989-04-30,1989-01-31,164.37755,165.99925,167.93283,172.93764,170.9436,172.70932,167.09203,166.0164,171.57036,168.67203,170.0,149.0
T000197,1989-07-31,1989-01-31,170.6436,165.99998,170.1879,177.1541,175.6484,175.51257,169.38713,165.3868,177.19121,167.74954,176.0,155.0
T000198,1987-04-30,1987-01-31,1308.6665,1221.9122,1216.1451,1217.0092,1214.343,1208.3517,1210.0276,1208.4305,1195.0406,1252.0154,1201.0,1306.0
T000198,1987-07-31,1987-01-31,1310.5563,1221.9438,1220.6959,1196.6683,1221.8451,1200.1691,1210.9327,1212.0471,1193.0586,1251.1919,1204.0,1263.0
T000199,1987-04-30,1987-01-31,259.2767,293.12872,275.29498,294.35468,264.2051,303.3012,250.33563,251.43896,275.6098,263.85385,248.6,107.2
T000199,1987-07-31,1987-01-31,315.0481,293.22626,289.36734,357.0008,306.14304,312.1383,262.12903,262.62268,348.84973,269.96173,280.5,202.6
T000200,1987-04-30,1987-01-31,66.79134,38.432518,33.99626,35.385643,30.319263,39.504482,29.221642,28.061932,28.897064,31.02176,25.9,45.1
T000200,1987-07-31,1987-01-31,72.64919,38.456783,37.496853,38.296425,31.529297,36.2183,32.09393,30.843954,33.638718,35.662434,27.6,40.2
T000201,1987-04-30,1987-01-31,856.6418,859.99896,862.70593,856.513,865.17255,857.8534,861.9025,860.02295,850.4439,884.0215,847.0,836.0
T000201,1987-07-31,1987-01-31,861.3828,860.0,865.86304,864.23083,870.4817,860.4819,863.6059,859.14154,857.3227,879.5328,847.0,840.0
T000202,1987-04-30,1987-01-31,4.348112,2.0695271,2.0384738,2.5236487,2.2954628,2.0170548,3.0631804,1.9969336,2.02558,0.90670276,1.65,4.45
T000202,1987-07-31,1987-01-31,4.400991,2.0696971,2.062978,2.564949,2.5405142,1.8491385,5.283285,2.0164077,2.1920238,2.2812555,1.65,2.49
