unique_id,ds,cutoff,AutoNBEATS,AutoTiDE,AutoNLinear,AutoTFT,AutoKAN,AutoMLP,AutoDLinear,AutoNHITS,AutoDeepNPTS,AutoPatchTST,y,SeasonalNaive,fold
T000002_fold0_x0,2005-03-31,2004-12-31,278817.34,269039.16,251892.7,245894.52,260175.12,237975.9,277224.25,298015.22,222836.31,277243.06,260754.0,219281.0,0
T000002_fold0_x0,2005-06-30,2004-12-31,259713.81,250432.05,231262.27,283693.9,294698.94,263270.06,244390.73,202184.8,264611.97,303887.97,293599.0,263012.0,0
T000002_fold0_x0,2005-09-30,2004-12-31,294261.06,282882.5,280606.56,290631.44,298223.25,275661.34,272900.47,272563.88,265637.78,329205.9,274916.0,263708.0,0
T000002_fold0_x0,2005-12-31,2004-12-31,334651.56,344713.88,321096.75,322239.72,354889.84,292605.4,300315.53,317626.47,305693.88,312113.47,313820.0,305695.0,0
T000004_fold0_x1,2005-03-31,2004-12-31,115030.3,111807.875,109580.64,97180.07,115351.484,94621.05,115992.54,117550.516,88242.61,106704.53,114837.0,86579.0,0
T000004_fold0_x1,2005-06-30,2004-12-31,102540.86,96772.586,93177.3,109423.484,116677.984,105402.93,98025.305,81613.48,100238.04,111791.35,131353.0,99266.0,0
T000004_fold0_x1,2005-09-30,2004-12-31,113042.57,108906.05,110631.164,111279.67,114370.836,107770.99,106962.555,108398.17,101515.93,121699.04,136027.0,100165.0,0
T000004_fold0_x1,2005-12-31,2004-12-31,132193.81,135949.19,127221.03,128557.92,139614.4,119352.44,120971.36,125174.11,122929.51,125766.98,143360.0,122930.0,0
T000005_fold0_x2,2005-03-31,2004-12-31,123963.625,119606.22,113799.46,106430.54,125324.78,108366.0,122776.734,125535.84,103622.54,119007.06,120415.0,103716.0,0
T000005_fold0_x2,2005-06-30,2004-12-31,91318.15,86918.88,78659.9,94898.24,97279.516,96665.484,85689.39,74324.5,92524.91,96417.234,104971.0,91466.0,0
T000005_fold0_x2,2005-09-30,2004-12-31,105866.086,97832.31,98497.336,95909.86,99464.625,103860.87,94215.06,96740.22,91659.32,101625.57,103051.0,91010.0,0
T000005_fold0_x2,2005-12-31,2004-12-31,136232.1,138925.78,130720.43,129501.31,142444.36,129815.45,124436.39,130855.03,125094.16,127515.586,136164.0,125095.0,0
T000007_fold0_x3,2005-03-31,2004-12-31,326547.1,296535.3,268156.6,253509.39,277259.1,323703.62,301636.22,344235.56,227424.23,266197.9,316826.0,220047.0,0
T000007_fold0_x3,2005-06-30,2004-12-31,278274.0,237250.38,216569.38,281300.75,290683.06,281538.06,236816.45,265843.25,259978.05,283351.72,264510.0,256814.0,0
T000007_fold0_x3,2005-09-30,2004-12-31,372900.4,325918.2,326299.78,336219.25,367157.56,392818.16,317865.03,315965.9,318564.03,348094.66,303540.0,317836.0,0
T000007_fold0_x3,2005-12-31,2004-12-31,370727.84,363839.03,333035.62,357674.5,378815.7,325464.75,313723.0,359885.7,331552.06,340927.44,325972.0,331553.0,0
T000019_fold0_x4,2004-09-30,2004-06-30,621.27454,597.57153,596.575,576.0832,608.5647,585.4842,609.12305,578.051,555.3434,573.66565,590.0,559.0,0
T000019_fold0_x4,2004-12-31,2004-06-30,537.4478,525.8988,521.5692,529.6491,524.76373,506.58475,538.19696,530.62256,514.4681,508.2463,554.0,512.0,0
T000019_fold0_x4,2005-03-31,2004-06-30,476.46796,477.8378,487.89575,501.72928,485.16922,464.78604,510.3842,493.2731,480.22845,507.74716,481.0,474.0,0
T000019_fold0_x4,2005-06-30,2004-06-30,580.59314,570.8685,573.95593,591.16425,575.1967,563.39374,606.53827,579.2271,567.99896,574.9965,576.0,568.0,0
T000021_fold0_x5,2004-09-30,2004-06-30,3153.3025,3089.769,3009.9895,2940.3274,3201.8413,3101.1396,2979.5083,3168.9265,2862.5667,2833.5532,3173.0,2916.0,0
T000021_fold0_x5,2004-12-31,2004-06-30,2019.0037,1994.3975,1945.857,1947.4135,2049.8662,1915.5461,1996.8295,2161.0464,1993.2588,1963.4508,2147.0,1969.0,0
T000021_fold0_x5,2005-03-31,2004-06-30,1947.991,1993.2354,1925.9398,1835.198,1822.5879,1960.4442,1965.2938,2068.6978,1852.2129,1930.5554,2193.0,1817.0,0
T000021_fold0_x5,2005-06-30,2004-06-30,2687.1284,2671.0571,2605.0688,2650.0632,2683.3875,2670.8271,2740.7422,2614.1724,2534.9934,2619.5479,2885.0,2535.0,0
T000024_fold0_x6,2004-09-30,2004-06-30,5506.205,5282.261,5180.5503,4948.5107,5288.8994,5078.2295,5282.9404,5417.918,4746.542,4906.6133,5183.0,4797.0,0
T000024_fold0_x6,2004-12-31,2004-06-30,4375.4233,4260.5024,4215.923,4448.789,4317.2993,4002.313,4402.1772,4552.3447,4229.6377,4138.411,4319.0,4203.0,0
T000024_fold0_x6,2005-03-31,2004-06-30,3811.3257,3903.9792,3749.5938,4022.4138,3759.587,3683.1375,4065.2612,4149.287,3770.42,4102.264,3861.0,3697.0,0
T000024_fold0_x6,2005-06-30,2004-06-30,4937.1777,4891.797,4869.8965,5096.799,4874.471,4688.6475,5181.452,4835.4653,4805.9883,4893.604,4874.0,4806.0,0
T000028_fold0_x7,2004-09-30,2004-06-30,3080.0708,3003.5522,3030.7134,3058.2698,3017.3184,2992.2827,3048.6257,3016.129,2978.2168,3038.1035,2875.0,3023.0,0
T000028_fold0_x7,2004-12-31,2004-06-30,2557.5923,2446.1746,2464.748,2405.7258,2544.3362,2324.0142,2528.3606,2606.711,2444.5486,2510.082,2638.0,2438.0,0
T000028_fold0_x7,2005-03-31,2004-06-30,2375.417,2360.5398,2279.4136,2242.5154,2320.9607,2280.2998,2388.455,2345.1833,2207.45,2398.9707,2498.0,2187.0,0
T000028_fold0_x7,2005-06-30,2004-06-30,2718.0017,2685.2207,2646.713,2630.6975,2665.1304,2734.4478,2818.7632,2691.5425,2578.9983,2651.2358,2779.0,2579.0,0
T000034_fold0_x8,2004-09-30,2004-06-30,395.87628,385.4562,384.22116,379.31454,389.95038,382.91965,382.30005,393.46967,367.0066,378.12054,392.0,378.0,0
T000034_fold0_x8,2004-12-31,2004-06-30,240.41682,232.19652,220.8386,217.43016,244.29185,225.11032,222.83115,260.85324,225.97478,237.58965,236.0,223.0,0
T000034_fold0_x8,2005-03-31,2004-06-30,184.48376,189.27652,186.68689,178.72327,185.16115,173.25885,197.69846,206.56874,185.16017,220.86331,186.0,179.0,0
T000034_fold0_x8,2005-06-30,2004-06-30,295.47067,286.8517,289.35754,300.2693,289.94748,269.88596,313.3812,292.45132,288.9993,305.4924,295.0,289.0,0
T000035_fold0_x9,2004-09-30,2004-06-30,431.45047,422.74713,415.92172,382.31006,435.41968,421.3669,416.45746,410.64468,370.91287,394.61578,437.0,371.0,0
T000035_fold0_x9,2004-12-31,2004-06-30,387.92746,372.50204,371.80756,360.97745,394.41476,386.25043,375.18283,374.63226,363.64374,367.02155,419.0,362.0,0
T000035_fold0_x9,2005-03-31,2004-06-30,369.7142,368.18536,362.481,355.3181,365.0872,384.5323,382.31906,377.10794,352.34067,370.6999,400.0,349.0,0
T000035_fold0_x9,2005-06-30,2004-06-30,424.65488,417.76996,414.3994,406.7565,424.46835,395.4555,428.1432,409.55255,399.99927,403.47556,454.0,400.0,0
T000038_fold0_x10,2004-09-30,2004-06-30,2116.1875,2118.9077,2126.2458,2024.9006,2176.7483,2152.7778,2135.5032,2185.3433,2131.8894,2069.7898,1981.0,2139.0,0
T000038_fold0_x10,2004-12-31,2004-06-30,2029.3687,1975.8473,2035.3302,1990.856,2076.1887,2028.8934,2065.2842,2036.3472,2023.891,2094.4065,1952.0,2031.0,0
T000038_fold0_x10,2005-03-31,2004-06-30,1980.8374,1947.1492,1909.346,1980.805,1986.7799,1987.5118,2028.4384,1919.7341,1967.7437,1854.0568,1832.0,1971.0,0
T000038_fold0_x10,2005-06-30,2004-06-30,1908.383,1852.143,1796.9137,1880.0277,1948.2576,1884.9415,1959.3412,1854.6339,1815.0061,1845.339,1670.0,1815.0,0
T000039_fold0_x11,2004-03-31,2003-12-31,10934.115,11406.696,11607.264,11338.349,10890.542,12208.271,12373.485,11344.29,10600.08,11898.255,13300.0,10500.0,0
T000039_fold0_x11,2004-06-30,2003-12-31,13541.037,15108.355,13237.362,11590.796,13507.6455,15991.51,13856.853,13214.648,11087.353,11670.642,16200.0,11000.0,0
T000039_fold0_x11,2004-09-30,2003-12-31,10847.146,11278.941,11190.842,11982.848,11262.529,12272.101,11533.902,11941.022,11217.932,12483.09,11300.0,11100.0,0
T000039_fold0_x11,2004-12-31,2003-12-31,13182.726,13886.153,12844.588,13406.5625,13185.784,14136.6,14343.478,13105.423,13099.961,13302.091,14700.0,13100.0,0
T000040_fold0_x12,2004-03-31,2003-12-31,6892.3027,6985.8633,6302.8203,6334.61,7148.248,5931.847,7248.112,7881.8853,5631.122,7383.4194,7200.0,5500.0,0
T000040_fold0_x12,2004-06-30,2003-12-31,8306.294,8431.549,7420.4346,7759.5503,8091.986,7916.7944,8266.957,7999.672,7230.3945,8071.377,9000.0,7200.0,0
T000040_fold0_x12,2004-09-30,2003-12-31,7025.6377,6824.858,6374.0356,6833.1924,6768.1836,6073.713,7091.107,7002.9644,6412.4736,7787.641,7200.0,6300.0,0
T000040_fold0_x12,2004-12-31,2003-12-31,7688.7983,8513.987,7734.3423,8424.252,7862.7197,7300.6035,8292.463,7801.3037,7999.9673,8214.572,8000.0,8000.0,0
T000043_fold0_x13,2001-03-31,2000-12-31,2096.554,1990.2075,1971.3104,1912.3447,1972.249,1941.1183,2067.718,1660.071,1888.759,1967.8429,1564.0,1870.0,0
T000043_fold0_x13,2001-06-30,2000-12-31,2188.6501,2313.5676,2109.077,2018.9442,2134.3896,2179.0894,2238.9153,2072.421,1985.8955,2051.6052,1513.0,1982.0,0
T000043_fold0_x13,2001-09-30,2000-12-31,2153.567,2221.8386,2091.0095,2209.1357,2178.543,2172.3213,2160.8506,2264.3398,2198.2842,2320.9438,1489.0,2206.0,0
T000043_fold0_x13,2001-12-31,2000-12-31,2309.0193,2266.5913,2143.694,2104.785,2243.1514,2254.403,2248.723,2179.3882,2076.0,2097.9429,1436.0,2076.0,0
T000047_fold0_x14,2001-09-30,2001-06-30,12907.758,14177.628,13652.913,13883.08,13029.197,7652.0703,13207.701,12963.446,13648.467,13237.614,14574.0,13739.0,0
T000047_fold0_x14,2001-12-31,2001-06-30,11460.93,12429.523,12851.544,11817.901,11827.55,5824.9023,12177.663,13961.655,11662.86,12338.284,11292.0,11711.0,0
T000047_fold0_x14,2002-03-31,2001-06-30,11986.832,12431.04,10804.542,11040.334,12249.492,10022.113,11825.184,16307.863,11169.653,10567.23,14756.0,11189.0,0
T000047_fold0_x14,2002-06-30,2001-06-30,11057.461,12347.523,11052.379,10595.962,11076.433,7334.337,11009.224,11221.492,10180.055,10519.192,9168.0,10180.0,0
T000049_fold0_x15,2001-09-30,2001-06-30,418854.38,417905.6,424331.62,391974.94,419324.72,422020.6,420731.75,428140.9,379319.25,408576.0,381071.0,380644.0,0
T000049_fold0_x15,2001-12-31,2001-06-30,410591.22,402789.84,381577.84,370979.9,399900.62,401176.66,389974.62,382642.88,365936.47,365342.53,355236.0,363852.0,0
T000049_fold0_x15,2002-03-31,2001-06-30,381015.2,373906.62,368444.2,348128.62,374483.88,384306.88,365651.44,379203.6,333764.8,366451.5,346099.0,328087.0,0
T000049_fold0_x15,2002-06-30,2001-06-30,454722.5,451911.12,428463.34,423503.2,451670.06,450478.16,440584.78,434575.25,411946.94,417740.88,419153.0,411948.0,0
T000051_fold0_x16,2001-09-30,2001-06-30,19810.607,19822.676,20368.03,20544.682,20458.43,17488.363,20958.63,22450.861,19450.334,21048.55,18951.0,19431.0,0
T000051_fold0_x16,2001-12-31,2001-06-30,24685.957,24051.223,23672.54,23726.527,24944.955,22132.496,24495.94,23602.65,23126.578,22960.117,20581.0,23179.0,0
T000051_fold0_x16,2002-03-31,2001-06-30,20387.15,20610.416,20199.678,20110.738,20458.451,19114.143,21603.348,22088.572,19692.969,21325.797,20544.0,19670.0,0
T000051_fold0_x16,2002-06-30,2001-06-30,22672.15,22465.988,21770.74,22247.418,22797.94,20558.832,23603.967,22701.115,21537.92,21894.967,21751.0,21538.0,0
T000052_fold0_x17,2001-06-30,2001-03-31,690469.4,701044.94,703822.2,596522.25,692985.75,728110.4,654239.25,670528.56,561586.25,617570.5,780805.0,552788.0,0
T000052_fold0_x17,2001-09-30,2001-03-31,713329.06,706959.4,673674.0,644555.06,731298.25,674920.6,665857.1,700509.44,599141.56,631865.25,846179.0,594479.0,0
T000052_fold0_x17,2001-12-31,2001-03-31,762715.25,773098.1,761889.8,690479.7,776966.4,739161.44,721410.7,725139.5,653785.9,705715.0,857455.0,650497.0,0
T000052_fold0_x17,2002-03-31,2001-03-31,783864.25,792724.5,724891.06,735656.94,789164.9,745782.0,732633.44,708617.0,703926.44,715781.5,987441.0,703928.0,0
T000059_fold0_x18,2004-03-31,2003-12-31,48640.996,46279.164,50117.613,47127.41,47014.957,50769.727,48441.09,50744.383,41490.0,32322.434,50655.0,41490.0,0
T000059_fold0_x18,2004-06-30,2003-12-31,48741.75,51184.227,48487.203,42596.008,46419.68,48792.953,47162.277,58743.867,38676.0,42863.707,51566.0,38676.0,0
T000059_fold0_x18,2004-09-30,2003-12-31,74597.37,72733.79,68450.36,73264.39,73639.16,67794.13,67977.08,76989.08,71125.0,73979.51,68928.0,71125.0,0
T000059_fold0_x18,2004-12-31,2003-12-31,43787.87,43661.777,39431.516,44054.96,43647.402,43385.42,42407.156,44776.664,41437.0,43688.023,44350.0,41437.0,0
T000060_fold0_x19,2004-03-31,2003-12-31,47329.04,45215.004,45545.957,50316.58,46907.414,50348.062,46627.207,49388.242,45042.305,27375.879,45472.0,45368.0,0
T000060_fold0_x19,2004-06-30,2003-12-31,38366.46,37463.195,26631.395,32291.07,46677.67,37226.758,26902.566,51806.668,18134.572,35465.125,42571.0,17007.0,0
T000060_fold0_x19,2004-09-30,2003-12-31,59183.08,51578.51,51597.484,58505.0,60068.973,50604.145,50518.805,59527.46,48877.89,41349.727,53587.0,49523.0,0
T000060_fold0_x19,2004-12-31,2003-12-31,41903.535,42444.977,36792.29,49730.016,41083.465,42489.21,45010.61,41195.48,40837.08,43618.223,43038.0,40837.0,0
T000069_fold0_x20,2005-09-30,2005-06-30,44268.53,41229.277,45605.484,39483.15,42711.76,40496.836,44787.92,42335.297,37156.57,41524.46,37267.0,37019.0,0
T000069_fold0_x20,2005-12-31,2005-06-30,55848.24,49782.547,53154.703,52097.523,54611.684,51065.094,54350.31,54704.402,49483.324,49562.977,46492.0,49760.0,0
T000069_fold0_x20,2006-03-31,2005-06-30,44755.535,41332.836,40059.03,42281.023,43247.797,40735.168,44613.312,45202.684,40557.215,42534.457,35779.0,40531.0,0
T000069_fold0_x20,2006-06-30,2005-06-30,42695.305,40730.293,39686.29,43059.14,44105.516,37694.758,43637.586,41592.4,41698.94,42790.11,33001.0,41699.0,0
T000071_fold0_x21,2005-09-30,2005-06-30,33250.395,31695.645,32387.79,25290.824,29794.127,26328.488,30286.549,32792.547,24691.2,23553.107,32931.0,24446.0,0
T000071_fold0_x21,2005-12-31,2005-06-30,27705.129,25555.877,25552.164,24070.836,24763.148,23440.975,25163.748,30819.826,22776.408,24104.129,21208.0,22548.0,0
T000071_fold0_x21,2006-03-31,2005-06-30,36132.42,34007.06,30070.516,29886.055,32295.047,26729.998,31754.871,33525.254,28958.168,28189.256,28060.0,29046.0,0
T000071_fold0_x21,2006-06-30,2005-06-30,28604.598,28382.035,26951.557,28846.436,29643.36,26401.162,28658.793,28259.146,27739.986,28262.871,20139.0,27740.0,0
T000072_fold0_x22,2005-09-30,2005-06-30,20516.66,20167.459,20369.055,19986.97,20037.545,19165.887,20941.764,20976.16,19725.246,21789.56,18071.0,19714.0,0
T000072_fold0_x22,2005-12-31,2005-06-30,19809.527,19516.244,18648.57,19046.582,19240.031,20068.041,19488.625,20143.975,18737.375,19273.348,17768.0,18576.0,0
T000072_fold0_x22,2006-03-31,2005-06-30,19875.11,19393.234,19338.152,18885.617,19488.238,20066.807,20387.568,19679.11,18601.924,19950.834,17682.0,18417.0,0
T000072_fold0_x22,2006-06-30,2005-06-30,22561.738,23076.074,23243.809,23178.7,22915.107,23094.775,24395.459,23053.988,22678.922,22986.365,21314.0,22679.0,0
T000074_fold0_x23,2005-09-30,2005-06-30,68391.86,63883.67,72999.63,73133.97,64069.895,75518.98,65137.76,63700.36,61109.93,49716.027,66761.0,60361.0,0
T000074_fold0_x23,2005-12-31,2005-06-30,85514.55,80201.37,84694.04,85761.06,81746.25,89881.72,77661.94,78943.83,70172.42,81417.305,75162.0,70961.0,0
T000074_fold0_x23,2006-03-31,2005-06-30,107382.88,101284.55,91502.14,98578.73,101085.41,109916.34,95035.625,98487.66,92772.36,90844.875,89343.0,94162.0,0
T000074_fold0_x23,2006-06-30,2005-06-30,57133.574,55548.105,50583.086,68922.09,59266.492,57695.6,54494.35,53412.145,48930.832,51875.387,60999.0,48930.0,0
T000076_fold0_x24,2005-09-30,2005-06-30,109301.05,109644.97,113029.26,109175.12,107179.64,105051.68,113699.484,111531.53,106026.52,103289.4,107725.0,105884.0,0
T000076_fold0_x24,2005-12-31,2005-06-30,121339.95,120352.38,118480.79,114976.21,119910.08,109786.77,121767.625,122187.53,112158.15,114355.195,111286.0,112335.0,0
T000076_fold0_x24,2006-03-31,2005-06-30,127358.72,127136.586,121721.305,123391.08,125516.1,112164.66,127082.48,127532.875,122629.91,122869.56,123608.0,122725.0,0
T000076_fold0_x24,2006-06-30,2005-06-30,106014.2,106338.266,101460.49,107960.18,105722.03,104971.266,111659.19,106091.08,104542.875,105790.67,109865.0,104542.0,0
T000080_fold0_x25,2005-09-30,2005-06-30,103015.35,95951.43,112272.016,100430.28,99285.8,105815.8,110190.09,94973.336,98669.26,97416.89,108281.0,98183.0,0
T000080_fold0_x25,2005-12-31,2005-06-30,155133.56,147084.6,157493.56,142914.62,154085.25,156293.03,154658.75,151698.4,140562.25,148211.12,148792.0,143354.0,0
T000080_fold0_x25,2006-03-31,2005-06-30,136405.92,129861.055,118638.72,136857.6,136333.86,118972.445,132404.84,129783.125,123745.445,127408.04,125835.0,125542.0,0
T000080_fold0_x25,2006-06-30,2005-06-30,76015.43,75501.914,61515.19,79485.26,77025.75,79008.51,73749.79,73795.55,68895.2,74286.65,73243.0,68894.0,0
T000082_fold0_x26,2005-09-30,2005-06-30,1350974.8,1282794.9,1412664.4,1263844.5,1337056.9,1346779.6,1392561.0,1331824.5,1277608.8,1270619.4,1348839.0,1273451.0,0
T000082_fold0_x26,2005-12-31,2005-06-30,1687237.0,1594759.2,1653370.1,1554083.8,1661889.9,1739430.8,1655407.4,1652493.9,1509025.0,1555282.2,1538480.0,1522968.0,0
T000082_fold0_x26,2006-03-31,2005-06-30,1586444.1,1506468.5,1426049.6,1504473.0,1550917.5,1531718.8,1535341.8,1597418.2,1459335.6,1474305.5,1431268.0,1468847.0,0
T000082_fold0_x26,2006-06-30,2005-06-30,1209562.4,1168556.2,1103656.9,1188700.8,1195273.0,1158818.0,1232617.0,1177575.6,1143338.9,1171826.9,1165797.0,1143332.0,0
T000083_fold0_x27,2005-09-30,2005-06-30,159774.17,152351.39,161217.03,146754.86,154755.61,143795.11,159175.11,162717.78,153187.28,155477.7,160034.0,153639.0,0
T000083_fold0_x27,2005-12-31,2005-06-30,139518.17,123739.79,128370.414,128891.52,133524.22,117733.13,131417.4,143481.56,122295.12,129418.11,122720.0,122305.0,0
T000083_fold0_x27,2006-03-31,2005-06-30,100912.07,97813.086,93604.74,102904.36,98389.45,95049.24,97142.36,108549.27,92168.76,112656.84,86372.0,92035.0,0
T000083_fold0_x27,2006-06-30,2005-06-30,134212.44,127155.766,120090.26,128725.6,131276.7,112021.73,130256.47,129227.66,121112.414,126561.09,115414.0,121113.0,0
T000091_fold0_x28,2005-09-30,2005-06-30,40282.438,37972.906,42537.184,37389.875,38164.21,44119.85,41108.67,40741.992,30305.387,35578.562,36588.0,29467.0,0
T000091_fold0_x28,2005-12-31,2005-06-30,53107.016,52620.195,49996.094,41838.69,51275.754,55771.766,49529.414,60967.055,39220.887,41612.145,45866.0,39182.0,0
T000091_fold0_x28,2006-03-31,2005-06-30,56473.79,53877.86,52247.688,51249.652,54398.242,57517.75,52138.562,63410.67,48997.844,55779.965,43572.0,49368.0,0
T000091_fold0_x28,2006-06-30,2005-06-30,42145.89,41802.258,38730.652,44859.35,41690.848,41824.645,41814.465,40610.1,40413.035,41660.234,36746.0,40413.0,0
T000093_fold0_x29,2005-09-30,2005-06-30,9061.085,8767.865,9170.184,9464.592,8922.828,8288.858,9576.503,9309.189,7198.824,12127.617,8785.0,6793.0,0
T000093_fold0_x29,2005-12-31,2005-06-30,13585.607,13129.352,11874.619,12875.523,13681.818,11517.488,12774.132,12317.364,11172.491,14247.228,11940.0,11035.0,0
T000093_fold0_x29,2006-03-31,2005-06-30,10319.373,10104.756,10135.6875,10705.129,10180.119,8996.469,10851.597,10594.731,9785.378,14149.899,9358.0,9448.0,0
T000093_fold0_x29,2006-06-30,2005-06-30,15620.619,15222.676,14960.318,15563.678,15948.541,13379.145,15267.926,15013.829,14425.902,15050.702,16582.0,14426.0,0
T000094_fold0_x30,2005-09-30,2005-06-30,40751.508,41473.4,45120.82,39106.215,40688.227,37934.434,46133.28,45073.434,40102.85,40314.363,41219.0,39836.0,0
T000094_fold0_x30,2005-12-31,2005-06-30,57499.387,58917.336,56039.64,52400.96,58179.07,51145.125,57364.004,54921.883,50549.273,52892.19,51541.0,50800.0,0
T000094_fold0_x30,2006-03-31,2005-06-30,62667.945,62825.79,59366.113,61426.12,63633.67,51766.82,61049.36,62474.79,59796.977,61340.664,61022.0,59966.0,0
T000094_fold0_x30,2006-06-30,2005-06-30,42625.375,43569.117,39877.363,42037.47,42909.46,41356.89,43483.633,42951.29,41698.617,43114.766,45287.0,41698.0,0
T000095_fold0_x31,2005-09-30,2005-06-30,8170.325,7780.406,9548.923,8693.721,8327.006,7289.7217,9330.588,7801.0586,7905.209,7758.747,8087.0,7903.0,0
T000095_fold0_x31,2005-12-31,2005-06-30,16736.082,17203.53,16532.176,15576.332,16737.598,15714.576,16227.15,16619.236,14376.786,16367.63,14731.0,14394.0,0
T000095_fold0_x31,2006-03-31,2005-06-30,19694.826,19954.02,18084.383,19429.266,20052.443,18325.826,18855.695,19477.883,18111.223,18318.074,19960.0,18112.0,0
T000095_fold0_x31,2006-06-30,2005-06-30,7684.08,8056.575,6892.257,8699.3955,7959.1875,8054.7827,7990.785,7346.7295,7527.4785,8327.527,8584.0,7527.0,0
T000097_fold0_x32,2005-09-30,2005-06-30,20800.564,19935.023,23771.473,20046.924,19610.123,19688.9,23742.318,19198.771,20165.145,19187.771,23386.0,20012.0,0
T000097_fold0_x32,2005-12-31,2005-06-30,31869.006,30883.973,32862.26,29879.07,31171.574,28600.746,32277.48,29947.957,28466.262,30683.623,31885.0,29044.0,0
T000097_fold0_x32,2006-03-31,2005-06-30,29412.725,28001.918,26310.938,29039.902,29241.998,25742.12,28557.977,29758.012,27230.293,27365.375,28481.0,27696.0,0
T000097_fold0_x32,2006-06-30,2005-06-30,14845.105,15105.162,11608.744,15829.635,15880.63,15368.711,13904.418,15138.537,13727.279,14881.169,15066.0,13727.0,0
T000102_fold0_x33,2005-09-30,2005-06-30,8525.831,8599.27,9706.01,9686.311,8524.837,9875.666,9559.444,8036.8477,9501.234,8244.611,8524.0,9505.0,0
T000102_fold0_x33,2005-12-31,2005-06-30,10353.014,10422.175,10841.3125,9347.234,10290.119,10982.018,10823.153,10552.273,9350.943,10402.999,9005.0,9405.0,0
T000102_fold0_x33,2006-03-31,2005-06-30,9339.611,9218.517,8706.457,9301.3545,9046.347,9345.654,9094.734,10057.368,9122.318,8278.902,8279.0,9129.0,0
T000102_fold0_x33,2006-06-30,2005-06-30,6510.046,6203.743,5372.51,7007.464,6698.041,6808.084,6399.5527,6398.5938,6049.1777,6352.304,6399.0,6049.0,0
T000104_fold0_x34,2005-09-30,2005-06-30,7583.91,7536.215,7704.4844,7990.35,7377.838,7857.034,8401.243,8692.376,7113.559,8792.97,7567.0,6982.0,0
T000104_fold0_x34,2005-12-31,2005-06-30,11800.006,11634.016,10924.823,11351.646,11461.127,10814.822,11809.248,11332.295,10610.265,10460.564,10192.0,10674.0,0
T000104_fold0_x34,2006-03-31,2005-06-30,8390.195,8352.846,7983.9336,8509.367,8173.273,7275.1987,8526.751,8705.464,8249.172,9134.474,7385.0,8192.0,0
T000104_fold0_x34,2006-06-30,2005-06-30,9965.58,9946.137,8955.333,9645.948,10244.332,8411.059,9612.042,10081.979,9302.974,9622.198,9053.0,9303.0,0
T000105_fold0_x35,2005-09-30,2005-06-30,7663.4897,7492.911,8275.247,7538.899,7896.887,7469.9736,8269.578,8035.9854,6934.314,8103.739,7017.0,6930.0,0
T000105_fold0_x35,2005-12-31,2005-06-30,11669.789,10827.67,11229.195,10694.785,12013.023,10669.639,11495.65,12361.746,10418.23,10404.452,9268.0,10473.0,0
T000105_fold0_x35,2006-03-31,2005-06-30,7549.237,7257.213,7168.493,7606.4043,7665.5654,6537.88,8032.1685,8630.291,7127.794,8015.4243,5806.0,7123.0,0
T000105_fold0_x35,2006-06-30,2005-06-30,8464.383,8130.758,7810.721,8478.098,8758.167,6553.4727,8597.387,8318.624,8047.936,8385.291,7116.0,8048.0,0
T000111_fold0_x36,2005-09-30,2005-06-30,8680.626,8261.896,9059.282,8168.27,8976.968,8853.078,9057.041,9206.391,7344.651,9000.527,8262.0,7224.0,0
T000111_fold0_x36,2005-12-31,2005-06-30,12229.998,11309.497,11353.239,11515.523,12130.215,11016.078,11808.863,12012.482,10748.484,10594.767,11857.0,10808.0,0
T000111_fold0_x36,2006-03-31,2005-06-30,9154.368,8864.92,8744.208,8562.499,8984.847,8329.161,9238.973,9775.654,8303.66,9352.846,8916.0,8239.0,0
T000111_fold0_x36,2006-06-30,2005-06-30,10594.117,10082.222,9497.586,9953.75,10832.676,9043.779,9921.037,10355.147,9529.971,9845.236,12576.0,9530.0,0
T000116_fold0_x37,2005-09-30,2005-06-30,17787.629,16379.748,20166.434,17164.611,19021.393,16911.385,20187.332,15990.833,16673.28,19415.879,17587.0,16541.0,0
T000116_fold0_x37,2005-12-31,2005-06-30,38049.594,35833.273,37811.242,35521.21,38532.39,36945.11,37680.066,37954.93,34143.688,35318.11,34433.0,34726.0,0
T000116_fold0_x37,2006-03-31,2005-06-30,29372.223,27278.404,24790.215,29546.611,29006.492,23295.246,28314.59,29382.2,26803.32,30258.742,24259.0,26910.0,0
T000116_fold0_x37,2006-06-30,2005-06-30,15603.119,15529.037,12117.765,14151.11,15666.412,12987.957,14391.004,15134.268,13734.55,15343.861,15381.0,13734.0,0
T000117_fold0_x38,2005-09-30,2005-06-30,16131.661,15144.482,16753.053,15431.72,16468.498,15539.781,17215.328,15174.496,15161.215,16647.293,16047.0,15136.0,0
T000117_fold0_x38,2005-12-31,2005-06-30,23717.312,22557.676,23385.93,22264.955,24299.797,21372.592,23976.129,23742.324,21837.457,22007.963,24688.0,22052.0,0
T000117_fold0_x38,2006-03-31,2005-06-30,17157.182,16375.158,15522.076,18869.398,16979.557,13924.534,17495.572,18487.066,17097.387,17969.918,15292.0,17117.0,0
T000117_fold0_x38,2006-06-30,2005-06-30,15277.103,15033.988,13519.678,14989.956,15718.138,12568.5,15014.117,15258.658,14212.139,14862.767,16184.0,14212.0,0
T000119_fold0_x39,2005-09-30,2005-06-30,56972.344,56909.11,58119.51,54227.363,56636.36,56206.887,57977.1,57007.355,53081.836,53423.53,56181.0,53602.0,0
T000119_fold0_x39,2005-12-31,2005-06-30,48627.8,47470.98,46561.13,43417.99,48348.53,47919.992,47614.176,50300.348,44109.92,43641.01,47207.0,43787.0,0
T000119_fold0_x39,2006-03-31,2005-06-30,47578.727,46191.375,46296.45,42568.938,48592.047,48270.793,46800.5,48238.36,42789.668,43759.785,44366.0,42334.0,0
T000119_fold0_x39,2006-06-30,2005-06-30,53503.8,53141.54,52008.35,52495.703,52791.29,53893.188,54883.2,53554.695,51383.902,52240.914,52830.0,51384.0,0
T000122_fold0_x40,2005-09-30,2005-06-30,11381.262,11110.96,11536.301,10277.56,11412.039,10482.841,11545.476,11075.5625,9845.968,10747.819,13565.0,9782.0,0
T000122_fold0_x40,2005-12-31,2005-06-30,11124.903,10674.943,10437.112,10359.703,10778.791,11111.139,10737.842,10498.951,10000.767,10371.436,11688.0,9930.0,0
T000122_fold0_x40,2006-03-31,2005-06-30,11790.231,11339.983,11298.227,10494.353,11620.7705,11492.467,11464.385,11611.097,10155.766,10973.547,12865.0,10063.0,0
T000122_fold0_x40,2006-06-30,2005-06-30,11729.123,11877.71,11655.134,11810.271,11951.957,11641.472,11911.331,11447.832,11609.971,11753.699,13499.0,11610.0,0
T000123_fold0_x41,2005-09-30,2005-06-30,4597.927,4503.702,4654.9253,3708.096,4689.3027,4057.9617,4634.8857,3981.2798,3724.14,4011.8513,4345.0,3693.0,0
T000123_fold0_x41,2005-12-31,2005-06-30,4069.616,3967.5762,3873.9988,3563.638,4014.8167,3698.692,3961.0657,3946.3667,3609.3052,3728.8286,3555.0,3569.0,0
T000123_fold0_x41,2006-03-31,2005-06-30,4141.0273,3820.646,4013.402,4065.9792,4226.842,3783.4749,4058.984,4082.1377,3955.8127,4120.0503,4026.0,3920.0,0
T000123_fold0_x41,2006-06-30,2005-06-30,4585.388,4514.707,4511.757,4564.357,4484.3057,4246.4907,4603.785,4624.4834,4500.988,4565.5205,4199.0,4501.0,0
T000124_fold0_x42,2005-09-30,2005-06-30,2817.6953,2673.4167,2821.3687,2692.3733,2802.0344,2442.7842,2863.2095,2413.073,2637.4182,2488.6873,2756.0,2657.0,0
T000124_fold0_x42,2005-12-31,2005-06-30,2342.8525,2346.052,2225.2024,2184.1255,2311.1965,2272.6582,2326.9048,2519.198,2049.9602,2236.4285,2713.0,2031.0,0
T000124_fold0_x42,2006-03-31,2005-06-30,2513.1677,2390.1675,2350.9795,2474.1702,2536.6938,2275.6663,2399.696,2521.6558,2433.5894,2166.8877,2551.0,2433.0,0
T000124_fold0_x42,2006-06-30,2005-06-30,2519.7307,2485.9302,2428.1816,2473.6619,2526.2473,2388.5615,2542.2285,2604.818,2449.0005,2496.5515,2247.0,2449.0,0
T000128_fold0_x43,2005-09-30,2005-06-30,15422.31,13671.464,16790.098,13021.102,14901.459,14293.555,15485.382,13191.211,12850.505,13433.922,12934.0,12827.0,0
T000128_fold0_x43,2005-12-31,2005-06-30,22658.412,20551.652,22331.684,19442.064,22113.69,21719.781,21482.29,22064.836,18692.959,19471.203,22696.0,18794.0,0
T000128_fold0_x43,2006-03-31,2005-06-30,20546.383,17977.162,17034.365,19027.672,19658.373,18394.395,18466.996,21169.873,18205.59,18851.426,16358.0,18216.0,0
T000128_fold0_x43,2006-06-30,2005-06-30,14507.178,12761.065,12081.718,12355.005,14719.929,11781.358,13325.054,12742.904,12247.38,12797.448,15228.0,12247.0,0
T000129_fold0_x44,2005-09-30,2005-06-30,7689.331,7497.7676,7912.506,7220.462,7755.115,7018.6377,7942.633,7372.6064,6837.381,6696.849,9313.0,6851.0,0
T000129_fold0_x44,2005-12-31,2005-06-30,7067.2666,7073.939,6543.882,5986.2197,6981.047,6652.001,6693.033,7744.2886,5567.9746,6044.4824,8585.0,5486.0,0
T000129_fold0_x44,2006-03-31,2005-06-30,7309.26,7018.3984,7017.4517,7108.704,7594.915,6336.412,6867.9424,7546.0327,6650.265,6442.509,8252.0,6605.0,0
T000129_fold0_x44,2006-06-30,2005-06-30,7611.0107,7632.163,7297.672,7663.136,7598.254,6877.1514,7583.1157,7663.5044,7271.9893,7395.7295,8938.0,7272.0,0
T000131_fold0_x45,2005-09-30,2005-06-30,3094.2153,2917.9368,3081.6543,2833.7163,2978.2236,3180.9526,3107.6963,3418.154,2499.735,3070.4385,3457.0,2445.0,0
T000131_fold0_x45,2005-12-31,2005-06-30,3733.532,3643.2615,3708.1309,3747.229,3689.3257,3486.8418,3759.1611,3826.589,3531.5427,3493.8452,3279.0,3544.0,0
T000131_fold0_x45,2006-03-31,2005-06-30,3533.706,3548.0483,3495.8586,3363.7573,3500.0933,3402.3984,3717.9421,3588.7896,3119.4358,3246.859,3467.0,3110.0,0
T000131_fold0_x45,2006-06-30,2005-06-30,3391.372,3351.7163,3385.0244,3579.0295,3284.1973,3375.5232,3491.961,3474.0532,3292.9927,3387.2944,2995.0,3293.0,0
T000132_fold0_x46,2005-09-30,2005-06-30,10988.454,10729.021,11723.742,10397.438,10751.97,10317.344,11565.137,10393.067,10338.346,9717.403,12095.0,10306.0,0
T000132_fold0_x46,2005-12-31,2005-06-30,12714.936,12353.098,12595.067,11194.525,12352.299,11348.22,12580.005,13347.539,10896.409,10946.373,13478.0,10906.0,0
T000132_fold0_x46,2006-03-31,2005-06-30,14499.321,14413.932,13958.77,13677.554,14372.165,13154.416,14254.172,14437.406,13605.602,13910.943,15173.0,13627.0,0
T000132_fold0_x46,2006-06-30,2005-06-30,10427.541,10420.29,10048.603,10595.686,10498.102,10325.224,11038.291,10327.133,10481.126,10708.241,11093.0,10481.0,0
T000133_fold0_x47,2005-09-30,2005-06-30,3982.9138,3777.195,4050.8555,3438.5625,3796.9338,3718.6313,3948.0166,3694.5024,3421.7417,3473.8772,4271.0,3414.0,0
T000133_fold0_x47,2005-12-31,2005-06-30,4183.3174,3858.829,4142.597,4050.5508,4016.6714,3385.0652,4152.6953,3853.1396,3986.0752,4051.7593,4212.0,4011.0,0
T000133_fold0_x47,2006-03-31,2005-06-30,4301.009,4125.6626,3993.3582,3918.0918,4172.682,3832.248,4174.7256,4267.131,3812.973,3891.9106,4606.0,3823.0,0
T000133_fold0_x47,2006-06-30,2005-06-30,3483.9998,3349.48,3214.481,3299.0466,3414.4714,3325.9482,3343.1382,3438.6448,3254.0154,3311.489,3637.0,3254.0,0
T000136_fold0_x48,2005-09-30,2005-06-30,187886.53,185419.47,194582.81,170561.72,186178.9,187332.89,193045.86,182497.44,168935.28,172322.33,199947.0,168776.0,0
T000136_fold0_x48,2005-12-31,2005-06-30,186306.7,179197.28,181059.78,168282.95,182664.73,179581.14,184154.5,189627.94,166635.3,167896.31,191415.0,166215.0,0
T000136_fold0_x48,2006-03-31,2005-06-30,186121.33,179571.94,177863.47,170746.44,179662.03,183279.5,183243.06,190725.66,168812.31,170875.33,187920.0,168364.0,0
T000136_fold0_x48,2006-06-30,2005-06-30,178348.34,176916.34,174535.11,177292.6,183037.27,175073.14,185124.62,177013.44,176083.86,176740.9,186573.0,176084.0,0
T000137_fold0_x49,2005-09-30,2005-06-30,32547.473,31447.05,31289.922,32975.3,31282.799,33873.297,31777.436,34399.09,32621.84,32804.76,34069.0,32862.0,0
T000137_fold0_x49,2005-12-31,2005-06-30,29836.797,27243.105,28816.879,31537.59,28868.945,29603.18,29126.799,28949.723,30444.107,31827.863,30978.0,30558.0,0
T000137_fold0_x49,2006-03-31,2005-06-30,26503.965,27264.936,23811.69,26327.594,26381.293,30487.76,27106.809,28271.61,26020.65,27628.102,28229.0,25982.0,0
T000137_fold0_x49,2006-06-30,2005-06-30,31078.36,29219.24,28892.895,27591.574,29564.418,30645.023,31384.748,28446.385,27263.031,27966.514,31690.0,27263.0,0
T000139_fold0_x50,2005-09-30,2005-06-30,7770.7324,6908.493,7233.665,6568.546,8272.862,9069.441,6475.1855,5259.0186,7563.9375,3504.3281,7483.0,7620.0,0
T000139_fold0_x50,2005-12-31,2005-06-30,4979.4043,4452.17,4508.92,5714.349,4975.163,4775.208,3523.9702,4687.67,4508.454,8314.184,3226.0,4564.0,0
T000139_fold0_x50,2006-03-31,2005-06-30,9872.397,9146.6,8408.298,9581.527,10019.575,9749.58,8971.156,8636.678,8713.693,7028.5747,9314.0,8928.0,0
T000139_fold0_x50,2006-06-30,2005-06-30,4732.19,3558.8867,2975.2075,4236.3125,4474.4194,4561.913,4003.675,3801.3755,2844.125,3317.2234,3908.0,2844.0,0
T000143_fold0_x51,2005-09-30,2005-06-30,4884.1694,4310.175,4429.844,3695.8152,5024.6357,4379.418,4054.835,3408.8247,4791.293,3180.3462,3973.0,4854.0,0
T000143_fold0_x51,2005-12-31,2005-06-30,3556.6667,2985.6992,2949.9922,3614.9553,3286.9165,2506.0957,2722.886,3025.8086,3394.5027,5139.991,1468.0,3443.0,0
T000143_fold0_x51,2006-03-31,2005-06-30,5752.579,5208.516,4363.217,4535.4165,5570.123,4387.676,5068.294,4054.925,4790.853,3345.87,4463.0,4909.0,0
T000143_fold0_x51,2006-06-30,2005-06-30,3206.8516,3180.0386,1988.6259,2712.646,3621.3643,3427.454,2662.727,2478.6191,2098.0576,2353.5088,1777.0,2098.0,0
T000147_fold0_x52,2005-09-30,2005-06-30,8862.287,8444.636,7695.0757,9999.561,9024.6045,9927.7,7427.6953,6901.916,8521.339,6845.9155,9641.0,8489.0,0
T000147_fold0_x52,2005-12-31,2005-06-30,8889.786,8829.554,8555.028,9679.132,8806.445,8925.449,8387.163,7176.19,8757.911,9441.753,8892.0,8796.0,0
T000147_fold0_x52,2006-03-31,2005-06-30,11820.827,11351.295,10744.22,11983.313,12319.145,11663.543,11665.905,10158.599,11957.91,11752.33,14580.0,11992.0,0
T000147_fold0_x52,2006-06-30,2005-06-30,9040.657,8957.315,7457.243,8591.413,9168.851,8926.191,8114.76,7470.8213,7214.204,7517.7046,10230.0,7214.0,0
T000148_fold0_x53,2005-09-30,2005-06-30,21715.117,22248.812,19788.78,24129.754,22341.193,18273.715,19176.672,20139.11,23136.674,24497.34,18805.0,23449.0,0
T000148_fold0_x53,2005-12-31,2005-06-30,14502.201,13902.421,10477.598,15756.045,14147.314,11477.238,10754.191,16174.726,14318.481,16636.986,9943.0,14234.0,0
T000148_fold0_x53,2006-03-31,2005-06-30,19510.988,17699.195,15213.275,17640.656,18297.076,15578.066,16856.836,14479.392,17068.676,16127.946,17566.0,17101.0,0
T000148_fold0_x53,2006-06-30,2005-06-30,19593.455,18495.115,16090.738,16656.28,18913.55,19766.822,18045.406,17423.18,16103.068,16984.904,17503.0,16103.0,0
T000149_fold0_x54,2005-09-30,2005-06-30,2926.8752,2763.253,2856.0525,3030.1492,3440.4238,3280.7297,2795.4734,2336.3052,3495.792,2213.8691,2448.0,3507.0,0
T000149_fold0_x54,2005-12-31,2005-06-30,2747.2847,2897.023,2753.7148,3357.292,3033.4407,2549.8047,2641.409,2071.8506,2882.655,4101.097,1878.0,2932.0,0
T000149_fold0_x54,2006-03-31,2005-06-30,4268.039,4224.5454,3964.7412,4338.4785,4596.1274,4068.317,4249.6035,3934.0562,4111.8975,3545.0222,4911.0,4187.0,0
T000149_fold0_x54,2006-06-30,2005-06-30,2112.7036,2189.1372,1434.0233,2163.614,2392.162,2188.025,1772.6857,1800.7036,1479.063,1668.327,1810.0,1479.0,0
T000152_fold0_x55,2005-09-30,2005-06-30,17856.576,17644.137,17361.309,18955.684,19962.812,20506.3,16470.77,17501.979,19480.318,15806.993,15156.0,19484.0,0
T000152_fold0_x55,2005-12-31,2005-06-30,18933.48,18031.008,19470.363,23078.156,20199.434,18865.713,18358.686,14368.325,21048.098,23904.453,13159.0,21188.0,0
T000152_fold0_x55,2006-03-31,2005-06-30,21058.166,19283.633,17123.389,20987.69,22802.873,16591.682,20214.184,13498.025,18610.371,16366.15,16415.0,18619.0,0
T000152_fold0_x55,2006-06-30,2005-06-30,11638.941,12414.577,6713.839,11086.209,15307.203,12987.848,8878.193,9050.904,7652.6357,8764.25,8793.0,7652.0,0
T000153_fold0_x56,2005-09-30,2005-06-30,17468.025,17412.191,17626.791,18702.451,18880.05,17661.018,17370.861,15560.857,19013.496,15980.307,16846.0,19015.0,0
T000153_fold0_x56,2005-12-31,2005-06-30,17449.164,17464.555,18115.0,19236.432,18439.674,14702.776,17787.768,15393.299,18321.127,21031.984,14309.0,18433.0,0
T000153_fold0_x56,2006-03-31,2005-06-30,20136.072,20176.049,18360.252,21582.914,21343.314,17867.365,20282.57,16517.742,19763.996,18237.03,20986.0,19788.0,0
T000153_fold0_x56,2006-06-30,2005-06-30,14580.89,15144.92,12374.682,14341.937,15672.969,14185.74,13772.025,12888.104,12352.4,12927.864,14150.0,12352.0,0
T000154_fold0_x57,2005-09-30,2005-06-30,213850.08,205481.8,195827.81,207994.72,230628.53,229811.39,190610.95,173876.62,216495.83,168808.45,193459.0,217481.0,0
T000154_fold0_x57,2005-12-31,2005-06-30,189361.12,182811.6,177968.14,211369.4,190191.27,185594.34,171343.03,172259.72,191472.22,237993.7,147157.0,193773.0,0
T000154_fold0_x57,2006-03-31,2005-06-30,243880.47,231291.28,204757.12,240274.66,253547.67,234619.6,233735.72,212850.19,224834.19,201257.9,227742.0,227600.0,0
T000154_fold0_x57,2006-06-30,2005-06-30,167135.12,171295.05,126988.15,161917.52,188362.36,167052.22,149514.12,148744.2,126616.5,134362.67,146071.0,126614.0,0
T000155_fold0_x58,2005-09-30,2005-06-30,2328.9795,2217.6787,1955.7319,2161.3591,2199.0276,2442.4587,2008.0742,2389.2837,2003.0973,2417.657,2000.0,2000.0,0
T000155_fold0_x58,2005-12-31,2005-06-30,2996.9883,2744.291,2882.9316,3396.3071,2819.2837,2918.9758,2970.5195,2484.5232,3272.4478,3299.816,3100.0,3300.0,0
T000155_fold0_x58,2006-03-31,2005-06-30,2189.5815,2135.455,1875.9607,2196.306,2154.2578,2393.2686,2167.5825,2606.59,2102.0874,2360.307,1300.0,2100.0,0
T000155_fold0_x58,2006-06-30,2005-06-30,2755.432,2519.8926,2352.6108,2411.2783,2645.4458,2328.5688,2450.659,2742.728,2299.9902,2424.3853,2500.0,2300.0,0
T000166_fold0_x59,2005-09-30,2005-06-30,311167.4,302046.0,322134.78,294945.56,307833.1,313915.38,315487.12,302751.56,295403.56,296514.47,304400.0,295400.0,0
T000166_fold0_x59,2005-12-31,2005-06-30,347175.2,332291.12,349928.75,333943.03,341815.72,327091.72,351607.3,349536.5,333645.88,335884.7,333100.0,334300.0,0
T000166_fold0_x59,2006-03-31,2005-06-30,321070.03,308671.4,301921.7,314132.0,318850.16,310047.6,317251.16,315549.88,299285.8,298330.47,297000.0,299300.0,0
T000166_fold0_x59,2006-06-30,2005-06-30,283823.25,273332.72,262164.88,282376.97,286063.16,270250.38,281496.6,276685.94,263902.53,269253.3,276500.0,263900.0,0
T000167_fold0_x60,2005-09-30,2005-06-30,4198.5474,4033.9497,4210.2544,4372.544,4124.256,4086.753,4316.4443,4614.635,3820.935,4304.977,3900.0,3900.0,0
T000167_fold0_x60,2005-12-31,2005-06-30,3365.76,3288.3525,2865.7998,3007.3455,3287.9155,3540.5312,3209.9187,3522.4248,2861.6624,2738.6177,3400.0,2800.0,0
T000167_fold0_x60,2006-03-31,2005-06-30,2590.3074,2524.7266,2492.7148,2500.8362,2500.5928,2687.6433,2444.6377,3138.057,2145.2197,2763.627,2900.0,2000.0,0
T000167_fold0_x60,2006-06-30,2005-06-30,4396.169,4311.5093,4063.4102,4671.1064,4356.3545,4396.747,4399.5947,4196.794,4199.975,4359.538,3900.0,4200.0,0
T000169_fold0_x61,2005-09-30,2005-06-30,16601.125,16424.445,16138.974,16504.572,16720.207,15275.497,16366.8955,17159.262,13960.4375,18124.838,15800.0,14100.0,0
T000169_fold0_x61,2005-12-31,2005-06-30,12721.847,12471.645,11066.702,10472.615,12460.167,12298.263,11860.687,12156.975,11048.396,11300.565,11500.0,10700.0,0
T000169_fold0_x61,2006-03-31,2005-06-30,10214.061,9759.521,10116.491,9554.225,9946.002,9079.456,10316.936,10997.333,8699.182,11961.203,8800.0,8000.0,0
T000169_fold0_x61,2006-06-30,2005-06-30,19191.06,19164.79,19168.35,20259.275,19503.568,18803.98,20261.502,18073.191,18699.857,19413.357,29600.0,18700.0,0
T000171_fold0_x62,2005-09-30,2005-06-30,5698.5693,5923.1294,5226.6597,6036.17,5485.4204,5708.715,5188.9214,5807.307,5376.505,5969.732,5500.0,5500.0,0
T000171_fold0_x62,2005-12-31,2005-06-30,3614.8975,3202.192,3347.3308,5227.859,3541.1987,3426.204,3602.243,3188.3525,4174.749,3945.3555,4100.0,4100.0,0
T000171_fold0_x62,2006-03-31,2005-06-30,3068.3674,2981.539,2747.653,3639.7935,3336.3994,2982.8523,2924.5405,3321.0469,2814.7544,3866.364,3200.0,2600.0,0
T000171_fold0_x62,2006-06-30,2005-06-30,6292.6484,6394.3013,6074.695,6605.336,6272.5474,6431.158,6340.5356,6204.4185,5799.9653,6041.8784,8600.0,5800.0,0
T000172_fold0_x63,2005-09-30,2005-06-30,2875.724,2894.357,2665.5938,3055.1519,2734.7568,2899.9412,2687.9827,3038.5896,2653.6914,3192.1365,2500.0,2700.0,0
T000172_fold0_x63,2005-12-31,2005-06-30,1742.3937,1643.5774,1278.6028,1389.2498,1575.4283,1784.4756,1401.1338,1718.645,1483.0596,1548.8279,1500.0,1400.0,0
T000172_fold0_x63,2006-03-31,2005-06-30,1600.0046,1568.5051,1575.8301,1518.2327,1515.4263,1698.4623,1489.2578,1898.3844,1516.4371,1773.1764,1200.0,1400.0,0
T000172_fold0_x63,2006-06-30,2005-06-30,3493.1194,3565.5593,3463.202,3591.4978,3496.725,3787.3442,3603.6577,3446.4521,3299.9746,3437.5989,3200.0,3300.0,0
T000174_fold0_x64,2005-09-30,2005-06-30,129134.54,124971.22,120046.78,126528.8,125550.8,124464.97,121204.95,132199.9,111231.47,130197.25,129800.0,113100.0,0
T000174_fold0_x64,2005-12-31,2005-06-30,84248.984,84273.305,76465.47,79648.28,80568.78,80255.03,82902.81,77010.43,82350.16,80666.69,82900.0,80200.0,0
T000174_fold0_x64,2006-03-31,2005-06-30,72785.086,70991.05,71235.125,73406.77,68489.83,67722.51,72316.26,74885.164,66696.45,83857.98,58600.0,62400.0,0
T000174_fold0_x64,2006-06-30,2005-06-30,139097.81,135508.1,133110.72,141629.94,136424.27,133159.34,138432.6,129083.55,129299.17,133915.38,138000.0,129300.0,0
T000175_fold0_x65,2005-09-30,2005-06-30,8076.6055,7742.7334,7559.639,8131.2324,7965.2515,8344.666,7699.034,8390.709,7096.964,7846.6587,6600.0,7300.0,0
T000175_fold0_x65,2005-12-31,2005-06-30,4084.1467,4275.0073,3756.9468,3638.912,3937.4836,4192.4663,4100.9346,4032.6465,3957.35,3713.4067,4600.0,3800.0,0
T000175_fold0_x65,2006-03-31,2005-06-30,3369.1523,3501.62,3529.0767,3052.6658,3249.6672,3474.8184,3301.1987,3991.651,3075.9258,3887.669,2700.0,2800.0,0
T000175_fold0_x65,2006-06-30,2005-06-30,8127.0127,8094.799,7669.842,8178.1396,8276.517,8856.844,7874.395,7917.4204,7399.9473,7756.2407,7400.0,7400.0,0
T000176_fold0_x66,2005-09-30,2005-06-30,205640.17,199360.22,191852.97,202641.2,200622.12,200246.06,193957.3,211582.53,176668.05,209363.39,201400.0,179700.0,0
T000176_fold0_x66,2005-12-31,2005-06-30,133708.17,133861.05,120675.75,125050.74,127703.63,128158.414,131190.69,120959.305,129511.766,126976.14,131700.0,125900.0,0
T000176_fold0_x66,2006-03-31,2005-06-30,113189.43,111050.05,111897.83,114480.11,105189.375,105783.336,112766.19,118387.2,103048.12,132418.6,95000.0,95800.0,0
T000176_fold0_x66,2006-06-30,2005-06-30,223329.52,218466.56,214051.47,228846.34,220689.0,216582.9,222998.75,207981.34,208398.61,216133.5,233500.0,208400.0,0
T000181_fold0_x67,2005-09-30,2005-06-30,3091.1743,3266.8892,2379.0112,3048.3906,3154.8052,2938.5618,2595.6875,3236.0752,2643.9805,3788.8318,3400.0,2700.0,0
T000181_fold0_x67,2005-12-31,2005-06-30,1576.4475,1667.541,1262.9895,2302.5212,1852.842,1526.405,1679.0961,1440.1713,1986.9419,1959.7557,1700.0,1900.0,0
T000181_fold0_x67,2006-03-31,2005-06-30,1053.4618,1192.9497,810.57227,1365.0425,1243.4523,914.1382,894.624,1029.9847,822.27454,2027.2845,600.0,600.0,0
T000181_fold0_x67,2006-06-30,2005-06-30,4264.0713,4308.1963,4167.41,4384.783,4409.334,4456.902,4189.668,3999.9097,3899.9587,4125.5117,4100.0,3900.0,0
T000186_fold0_x68,2005-09-30,2005-06-30,2750.5554,2879.9214,2851.7793,2340.3887,2545.0474,2757.1904,2750.8894,3038.7163,1857.3699,3486.4214,3300.0,1800.0,0
T000186_fold0_x68,2005-12-31,2005-06-30,3696.9824,3464.0725,2973.6702,3420.8823,3536.2827,3132.7568,3211.016,3876.0566,2944.298,3403.7405,4500.0,2900.0,0
T000186_fold0_x68,2006-03-31,2005-06-30,2620.6326,2663.9578,2560.9639,2304.0366,2582.4482,2606.2498,2658.8386,2823.1328,1814.9694,3464.2104,2200.0,1700.0,0
T000186_fold0_x68,2006-06-30,2005-06-30,4231.5264,4216.3594,4103.1978,4486.2656,4265.908,3807.9858,4317.6826,4003.4019,4099.954,4314.0454,3200.0,4100.0,0
T000193_fold0_x69,2005-09-30,2005-06-30,2435.0806,2539.38,1832.7485,2993.0547,2501.4492,2184.4639,2182.2253,1994.617,2674.8735,2344.172,2100.0,2700.0,0
T000193_fold0_x69,2005-12-31,2005-06-30,2410.5354,2609.6953,1829.6665,2193.7146,2472.2556,2142.6172,1979.0312,1851.9128,2089.9585,2532.7861,2200.0,2100.0,0
T000193_fold0_x69,2006-03-31,2005-06-30,2494.6812,2532.017,1863.6855,2653.945,2318.141,2450.5566,2044.8948,1767.9436,2473.5923,1821.063,1500.0,2500.0,0
T000193_fold0_x69,2006-06-30,2005-06-30,2571.8992,2591.3823,1794.2814,2201.4607,2855.901,2098.9526,1996.3738,2044.8192,1800.0166,1889.0295,1900.0,1800.0,0
T000194_fold0_x70,2005-09-30,2005-06-30,106010.83,108454.76,106581.52,96267.64,111871.44,89989.73,99092.164,121704.34,95271.375,96904.516,105700.0,96500.0,0
T000194_fold0_x70,2005-12-31,2005-06-30,93363.51,80013.2,85250.02,87575.99,89835.96,80693.46,80682.61,93881.28,84534.664,85053.266,51000.0,84300.0,0
T000194_fold0_x70,2006-03-31,2005-06-30,90552.94,84933.63,75164.09,76908.71,90727.25,88976.57,83314.03,98601.26,74702.97,81449.88,35700.0,73700.0,0
T000194_fold0_x70,2006-06-30,2005-06-30,104812.06,98477.6,97499.63,92575.08,103521.09,98392.52,101878.88,92246.84,89499.875,91362.99,49600.0,89500.0,0
T000195_fold0_x71,2005-09-30,2005-06-30,43170.58,41689.125,45106.703,37630.957,42054.203,42887.953,42417.957,47212.426,37844.17,38119.516,40600.0,37800.0,0
T000195_fold0_x71,2005-12-31,2005-06-30,47504.453,43727.996,46334.793,41832.965,45147.758,43725.492,45064.06,49355.137,41501.34,41915.312,43300.0,41700.0,0
T000195_fold0_x71,2006-03-31,2005-06-30,46287.195,43717.168,40541.684,40642.9,43695.41,42614.473,43310.812,51480.0,39802.957,40362.773,40300.0,39900.0,0
T000195_fold0_x71,2006-06-30,2005-06-30,40728.336,38870.523,36699.684,36719.156,41173.242,37224.75,39708.164,38668.805,36200.086,36601.848,39600.0,36200.0,0
T000196_fold0_x72,2005-09-30,2005-06-30,17067.389,16034.501,17790.748,17347.258,17745.576,17297.729,17525.838,17382.797,15741.462,18889.06,15600.0,15500.0,0
T000196_fold0_x72,2005-12-31,2005-06-30,28003.145,26287.842,26903.973,27461.854,27337.33,25736.506,27239.15,27724.07,26085.486,26777.559,27700.0,26400.0,0
T000196_fold0_x72,2006-03-31,2005-06-30,21989.871,20979.787,20288.531,22825.648,22342.607,19559.643,22390.445,22262.787,20820.738,23414.145,19900.0,20900.0,0
T000196_fold0_x72,2006-06-30,2005-06-30,20690.984,19067.854,18650.117,18570.145,20642.89,17346.389,19700.0,19952.164,18300.031,19138.719,20600.0,18300.0,0
T000197_fold0_x73,2005-09-30,2005-06-30,51619.902,48235.05,52788.344,42478.13,48733.09,44068.957,50342.777,56474.0,40892.67,43947.438,48400.0,40600.0,0
T000197_fold0_x73,2005-12-31,2005-06-30,55036.6,47072.78,51900.914,47427.06,51180.83,47778.56,51048.36,51160.777,46333.703,46065.836,51300.0,46400.0,0
T000197_fold0_x73,2006-03-31,2005-06-30,52874.168,49285.273,44990.34,44927.668,48580.395,47565.176,50031.69,54487.734,43778.207,44765.89,49400.0,43700.0,0
T000197_fold0_x73,2006-06-30,2005-06-30,48304.266,47848.348,45553.21,46405.562,49912.62,43252.98,48430.184,45592.59,45099.957,45599.184,55600.0,45100.0,0
T000198_fold0_x74,2005-09-30,2005-06-30,51874.03,49067.0,51831.668,52674.69,52717.0,45015.58,50691.977,54909.223,50330.688,53164.125,52000.0,50700.0,0
T000198_fold0_x74,2005-12-31,2005-06-30,58004.15,48210.223,54780.15,55477.64,57493.35,49332.098,53802.75,50093.746,55884.16,57058.742,71200.0,56400.0,0
T000198_fold0_x74,2006-03-31,2005-06-30,43439.65,40681.484,37619.94,40173.99,42784.477,44642.42,43540.46,46738.7,38102.594,42204.54,55900.0,38000.0,0
T000198_fold0_x74,2006-06-30,2005-06-30,46856.188,45162.99,43327.64,42969.434,47119.81,44444.395,47584.625,43614.117,41700.035,43552.043,67300.0,41700.0,0
T000200_fold0_x75,2005-09-30,2005-06-30,2567.5554,2399.2395,2901.3604,2326.793,2428.7156,2878.9434,2605.78,3399.108,1980.2468,2656.627,2800.0,1900.0,0
T000200_fold0_x75,2005-12-31,2005-06-30,5408.9507,4912.9336,5123.8457,4951.4785,5268.605,5367.573,4850.252,5540.455,4427.376,4744.166,4800.0,4500.0,0
T000200_fold0_x75,2006-03-31,2005-06-30,4848.935,4187.9346,4147.7607,4807.786,4676.412,4378.43,4426.4697,5283.5283,4053.4993,4775.4653,3800.0,4100.0,0
T000200_fold0_x75,2006-06-30,2005-06-30,2988.5632,2669.001,2567.2534,2725.1736,3055.3857,2663.3064,2829.2014,2862.3232,2600.021,2800.7014,2500.0,2600.0,0
T000201_fold0_x76,2005-09-30,2005-06-30,300488.34,293142.12,309360.6,268053.12,292468.8,265801.56,293300.7,338999.9,269189.28,277896.25,296100.0,269200.0,0
T000201_fold0_x76,2005-12-31,2005-06-30,326748.28,290506.1,317118.06,294042.53,309396.88,283309.88,308524.94,319101.47,302320.1,302028.34,293000.0,302600.0,0
T000201_fold0_x76,2006-03-31,2005-06-30,297784.47,282566.62,262064.52,261509.4,283837.16,268790.78,289369.2,321080.1,259604.89,264997.97,241300.0,259600.0,0
T000201_fold0_x76,2006-06-30,2005-06-30,294961.22,279179.38,272508.8,262601.88,293449.53,260398.84,290708.5,274048.44,261600.03,265897.6,265900.0,261600.0,0
T000207_fold0_x77,2005-09-30,2005-06-30,792.8941,776.1824,849.8675,887.1656,745.1563,682.8797,863.39545,767.48267,789.8477,896.6299,800.0,800.0,0
T000207_fold0_x77,2005-12-31,2005-06-30,954.35474,1019.5816,874.4597,746.61505,953.46655,1009.9115,886.76306,1186.199,708.68896,691.94257,1100.0,700.0,0
T000207_fold0_x77,2006-03-31,2005-06-30,742.9429,764.6307,710.504,627.8873,728.3426,640.324,740.2788,737.3278,527.345,684.63074,500.0,500.0,0
T000207_fold0_x77,2006-06-30,2005-06-30,896.02875,975.67017,955.95593,975.09894,904.2711,817.19293,1048.8949,947.03796,899.99536,928.8808,1400.0,900.0,0
T000209_fold0_x78,2005-09-30,2005-06-30,17336.55,15289.055,19319.787,15728.025,17898.9,17098.344,18751.715,17456.17,13900.186,19005.943,16600.0,13900.0,0
T000209_fold0_x78,2005-12-31,2005-06-30,37605.965,33236.14,36316.67,35210.297,36572.688,35530.54,36153.496,38003.055,34183.164,34262.527,41200.0,34200.0,0
T000209_fold0_x78,2006-03-31,2005-06-30,25039.057,22981.352,21670.799,25634.0,24500.785,22889.574,24841.453,25476.504,21500.006,25215.703,25100.0,21500.0,0
T000209_fold0_x78,2006-06-30,2005-06-30,17273.42,15553.667,13871.507,17090.145,17018.61,13605.094,15346.631,16894.104,14400.024,16127.9,16300.0,14400.0,0
T000210_fold0_x79,2005-09-30,2005-06-30,664.93225,697.49414,458.72552,603.9142,766.4342,859.6649,551.9402,674.6799,419.00967,710.30835,400.0,400.0,0
T000210_fold0_x79,2005-12-31,2005-06-30,1709.7174,1965.189,1736.8866,1803.7554,1649.5269,2164.0771,1703.2532,1779.9419,1664.9254,1775.5864,1900.0,1700.0,0
T000210_fold0_x79,2006-03-31,2005-06-30,1565.9553,1552.6824,1374.7294,1525.9294,1480.7534,1403.8563,1586.1823,1234.2903,1289.9253,1621.8817,1000.0,1300.0,0
T000210_fold0_x79,2006-06-30,2005-06-30,643.3212,764.93756,550.40405,636.83344,593.4405,813.7773,563.47656,710.9449,600.01794,699.5825,900.0,600.0,0
T000212_fold0_x80,2005-09-30,2005-06-30,6678.433,6389.1475,7005.091,5840.6675,6659.4824,6761.732,6823.9795,8183.506,5786.983,6873.4443,6000.0,5800.0,0
T000212_fold0_x80,2005-12-31,2005-06-30,9963.609,8682.113,9526.643,8626.975,10113.489,8690.333,9756.272,10762.939,9291.008,9452.651,9400.0,9400.0,0
T000212_fold0_x80,2006-03-31,2005-06-30,5053.9883,5087.77,4910.281,5148.06,5250.879,5218.792,5683.4727,5557.1606,4608.569,5601.7783,4700.0,4600.0,0
T000212_fold0_x80,2006-06-30,2005-06-30,5603.369,5434.5703,4869.128,5781.7373,5875.894,4907.0635,5794.2334,5672.413,5399.983,5858.454,5800.0,5400.0,0
T000213_fold0_x81,2005-09-30,2005-06-30,3312.9185,3305.7883,3624.8286,4289.048,3304.0994,3077.5244,3467.0896,4534.494,4082.2773,4042.5908,3300.0,4100.0,0
T000213_fold0_x81,2005-12-31,2005-06-30,3610.4717,3657.4177,3883.4956,4051.9321,3678.731,3222.9565,3930.7874,4694.899,3863.8457,4036.558,4800.0,3900.0,0
T000213_fold0_x81,2006-03-31,2005-06-30,2745.9028,2565.4153,2175.1958,2532.4558,2463.9395,2349.9883,2529.9155,3038.6313,2599.93,2619.6362,3200.0,2600.0,0
T000213_fold0_x81,2006-06-30,2005-06-30,2863.9497,2801.0242,2286.3525,2507.867,2926.1401,2107.6028,2585.778,2615.109,2400.0374,2596.3499,3000.0,2400.0,0
T000214_fold0_x82,2005-09-30,2005-06-30,29569.994,26874.08,32376.264,27764.703,30565.13,29684.184,31520.672,33407.574,25913.242,32466.098,28600.0,25900.0,0
T000214_fold0_x82,2005-12-31,2005-06-30,56421.027,50177.203,54717.17,55175.883,56024.57,53225.688,54838.82,60226.406,51818.0,51794.68,62300.0,52100.0,0
T000214_fold0_x82,2006-03-31,2005-06-30,36697.668,33672.94,32094.44,35189.81,35869.684,32614.65,36824.93,38296.68,31998.297,34244.703,36800.0,32000.0,0
T000214_fold0_x82,2006-06-30,2005-06-30,27674.207,25517.564,22901.307,26878.977,28355.64,22057.15,25875.076,27131.781,24300.627,26787.404,27500.0,24300.0,0
T000220_fold0_x83,2005-09-30,2005-06-30,105994.89,104583.41,106059.48,100744.516,101641.18,100191.586,104343.58,103535.92,95002.97,107206.24,111000.0,94700.0,0
T000220_fold0_x83,2005-12-31,2005-06-30,112896.734,103824.13,102152.73,102738.086,108329.78,103629.11,105966.52,97876.68,101802.94,103363.66,117200.0,101400.0,0
T000220_fold0_x83,2006-03-31,2005-06-30,94379.37,91700.83,89522.43,94114.31,93090.8,93057.414,93471.055,97503.59,88567.92,103394.06,90400.0,86900.0,0
T000220_fold0_x83,2006-06-30,2005-06-30,121800.82,117517.39,113392.195,116527.37,118272.51,107577.72,119251.31,114168.766,111299.66,113235.664,119300.0,111300.0,0
T000227_fold0_x84,2005-09-30,2005-06-30,10182.596,9647.644,9442.584,9847.501,10115.736,8532.635,9465.755,11412.305,8266.254,10353.202,11000.0,8400.0,0
T000227_fold0_x84,2005-12-31,2005-06-30,4594.942,4977.9297,3758.2803,3159.4,4449.886,7911.449,4052.2556,5786.815,3579.322,3754.9219,4300.0,3300.0,0
T000227_fold0_x84,2006-03-31,2005-06-30,4440.555,4744.117,4838.6206,3485.2178,4263.174,8221.844,4446.2876,6470.3057,3269.9922,4612.946,2100.0,3000.0,0
T000227_fold0_x84,2006-06-30,2005-06-30,11635.567,11630.201,11429.334,11875.303,11793.008,13542.834,11825.557,12164.381,10699.865,11249.521,10100.0,10700.0,0
T000228_fold0_x85,2005-09-30,2005-06-30,1286951.9,1267645.8,1319969.1,1211145.9,1276730.2,1189850.5,1289480.0,1360079.4,1162171.0,1200559.6,1288300.0,1166500.0,0
T000228_fold0_x85,2005-12-31,2005-06-30,1348920.4,1211519.5,1247172.5,1240255.9,1300766.8,1191865.8,1259692.9,1276681.5,1198874.1,1180488.5,1240900.0,1198300.0,0
T000228_fold0_x85,2006-03-31,2005-06-30,1140571.6,1094375.0,1064165.8,1102357.4,1130452.8,1068721.8,1127091.9,1200093.8,1023894.3,1151109.9,1003400.0,1009500.0,0
T000228_fold0_x85,2006-06-30,2005-06-30,1311521.1,1258230.4,1238931.2,1274733.2,1316266.9,1199951.8,1312870.9,1227972.1,1216997.8,1235375.9,1302300.0,1217000.0,0
T000229_fold0_x86,2005-09-30,2005-06-30,836.4393,869.7,860.3889,672.9865,847.57117,854.41626,842.22125,937.3025,705.0849,736.12915,844.0,688.0,0
T000229_fold0_x86,2005-12-31,2005-06-30,1364.9048,1339.3519,1289.2439,1146.1451,1366.7787,723.8015,1291.9127,1134.6226,1084.7153,1157.5643,1202.0,1095.0,0
T000229_fold0_x86,2006-03-31,2005-06-30,1483.6194,1439.9055,1249.3702,1461.3643,1478.6848,1397.1504,1415.2817,1533.4254,1386.6691,1466.0088,1508.0,1400.0,0
T000229_fold0_x86,2006-06-30,2005-06-30,828.3342,1001.5257,756.87335,787.10406,869.48834,844.1029,864.9235,893.61993,794.01135,843.2015,961.0,794.0,0
T000237_fold0_x87,2005-12-31,2005-09-30,38990.902,38971.336,39140.777,38733.55,38813.926,39265.273,38943.6,37731.41,37525.72,36109.0,36796.0,37404.0,0
T000237_fold0_x87,2006-03-31,2005-09-30,38010.56,38829.875,36853.29,36046.867,37723.324,38620.04,37709.094,40468.12,34258.684,35894.355,38005.0,34002.0,0
T000237_fold0_x87,2006-06-30,2005-09-30,41410.984,42403.715,40999.164,40318.42,41448.176,42369.258,41204.633,41676.64,39686.656,38687.582,39512.0,39699.0,0
T000237_fold0_x87,2006-09-30,2005-09-30,41526.703,42236.387,40443.74,40603.934,41761.363,42049.184,42870.465,40485.9,39635.98,40099.625,39231.0,39636.0,0
T000239_fold0_x88,2005-12-31,2005-09-30,251728.33,244433.08,252406.1,252015.33,249987.89,240921.42,250841.14,251024.03,242113.14,250541.2,243854.0,244980.0,0
T000239_fold0_x88,2006-03-31,2005-09-30,244392.23,225073.53,234787.1,240690.0,241479.78,223990.39,240062.7,249568.81,231200.81,242981.88,227877.0,231884.0,0
T000239_fold0_x88,2006-06-30,2005-09-30,198359.69,190126.1,190237.44,200676.44,199170.47,198781.12,199768.4,198112.72,185375.55,210720.88,193871.0,183828.0,0
T000239_fold0_x88,2006-09-30,2005-09-30,228581.97,219427.45,216546.88,223406.47,227666.02,209615.8,230753.4,219528.52,215171.84,220999.66,218454.0,215172.0,0
T000241_fold0_x89,2005-12-31,2005-09-30,14242.504,12873.012,14110.646,13316.997,13842.446,15504.247,13951.818,14162.529,13261.346,12858.885,13080.0,13353.0,0
T000241_fold0_x89,2006-03-31,2005-09-30,12664.934,10983.578,12170.221,12181.432,12213.703,12671.935,12161.949,13419.34,11409.145,12289.6,12834.0,11510.0,0
T000241_fold0_x89,2006-06-30,2005-09-30,8860.484,8469.6045,8003.167,8616.931,8378.168,9929.051,8752.927,8998.205,8612.876,8575.605,10407.0,8617.0,0
T000241_fold0_x89,2006-09-30,2005-09-30,8601.053,8045.6035,7252.053,8406.791,8325.156,7952.738,8319.016,8488.578,7911.093,8483.035,8256.0,7911.0,0
T000247_fold0_x90,2005-12-31,2005-09-30,789.3667,778.4053,872.4655,743.0816,790.2166,858.1807,866.8411,909.3518,709.1728,744.2975,489.0,713.0,0
T000247_fold0_x90,2006-03-31,2005-09-30,901.6034,810.57404,882.99805,819.79126,890.05286,752.3213,867.2272,928.3539,794.7978,816.10596,800.0,800.0,0
T000247_fold0_x90,2006-06-30,2005-09-30,726.25024,643.59467,679.0343,628.21466,693.6731,624.83875,707.32294,742.0231,593.91455,666.7074,457.0,591.0,0
T000247_fold0_x90,2006-09-30,2005-09-30,685.7906,666.03265,647.5103,695.47504,683.8774,591.2185,687.2776,691.2572,667.9994,687.0404,660.0,668.0,0
T000248_fold0_x91,2005-12-31,2005-09-30,865.43384,886.8625,950.6459,916.72546,846.5271,1034.8846,1003.98865,978.0032,841.9253,916.61273,1118.0,846.0,0
T000248_fold0_x91,2006-03-31,2005-09-30,1149.4763,1256.6848,1222.413,1080.8909,1129.9417,1317.1987,1237.5614,1244.2744,1058.309,1092.9155,1280.0,1068.0,0
T000248_fold0_x91,2006-06-30,2005-09-30,760.036,792.70575,771.34564,726.6297,707.53125,801.61633,843.5884,807.9401,662.38513,797.5234,600.0,659.0,0
T000248_fold0_x91,2006-09-30,2005-09-30,751.14355,806.2684,761.5556,849.02234,789.68225,796.74615,888.16223,827.8706,795.9982,832.8512,840.0,796.0,0
T000251_fold0_x92,2005-12-31,2005-09-30,661.9199,680.674,647.1024,623.4669,652.328,687.93744,620.6214,711.5448,617.6319,629.7232,851.0,627.0,0
T000251_fold0_x92,2006-03-31,2005-09-30,514.17487,497.68253,528.4998,592.3137,559.1023,473.77557,502.62775,550.3135,554.53217,598.56146,499.0,558.0,0
T000251_fold0_x92,2006-06-30,2005-09-30,532.03436,517.0825,493.40555,431.36127,542.475,482.3022,523.72076,501.71918,412.14984,471.59448,369.0,410.0,0
T000251_fold0_x92,2006-09-30,2005-09-30,493.53415,488.83365,497.5216,476.88144,504.77655,435.877,497.87518,479.57614,465.00058,486.66174,567.0,465.0,0
T000253_fold0_x93,2005-12-31,2005-09-30,911.748,860.35254,1002.4143,841.80426,834.8654,826.7106,1050.5332,823.0507,743.0786,951.15717,1188.0,725.0,0
T000253_fold0_x93,2006-03-31,2005-09-30,1258.3414,1250.6521,1151.782,976.9884,1223.0869,1201.2559,1208.9186,1218.3516,919.9329,1053.013,1790.0,915.0,0
T000253_fold0_x93,2006-06-30,2005-09-30,929.07666,876.19226,901.4272,911.5474,888.6823,758.1439,929.764,1020.08777,871.26746,1036.7101,1317.0,859.0,0
T000253_fold0_x93,2006-09-30,2005-09-30,1082.487,1077.6016,995.70026,1093.8379,1044.146,905.2276,1099.3418,1051.428,1037.9963,1063.5424,1380.0,1038.0,0
T000254_fold0_x94,2005-12-31,2005-09-30,4122.0786,3702.2725,4134.903,4016.673,4229.868,3943.5657,4249.6274,3990.647,3680.1174,3970.7034,4686.0,3712.0,0
T000254_fold0_x94,2006-03-31,2005-09-30,4954.9937,4455.4316,4651.917,4508.08,4970.1094,4601.1045,4787.9854,5102.0234,4376.221,4567.3574,5231.0,4417.0,0
T000254_fold0_x94,2006-06-30,2005-09-30,3002.5405,2977.0115,2853.1921,2984.0947,3057.6785,2688.77,3216.9998,3488.6118,2688.5146,3349.0542,3610.0,2662.0,0
T000254_fold0_x94,2006-09-30,2005-09-30,3532.4595,3464.8325,3334.3528,3593.0854,3542.571,2817.864,3653.405,3512.0747,3380.9934,3539.6226,4200.0,3381.0,0
T000256_fold0_x95,2005-12-31,2005-09-30,308.2423,293.5871,317.69724,341.7185,329.04276,319.7713,332.89832,234.20804,330.36984,354.13367,336.0,343.0,0
T000256_fold0_x95,2006-03-31,2005-09-30,210.01945,176.66083,189.50275,320.26215,228.05704,171.95528,200.09717,71.82743,257.8086,312.93762,256.0,261.0,0
T000256_fold0_x95,2006-06-30,2005-09-30,142.4899,119.15187,128.74338,126.74838,145.84952,164.63632,123.800026,119.282364,90.47242,176.23024,167.0,86.0,0
T000256_fold0_x95,2006-09-30,2005-09-30,207.03305,190.00768,176.27756,203.48367,198.73973,165.67372,166.42291,219.27834,180.00009,204.62659,246.0,180.0,0
T000259_fold0_x96,2005-12-31,2005-09-30,1643.9573,1382.5286,1500.6467,1596.1599,1697.7656,1662.8813,1595.323,1447.5422,1514.4429,1639.8279,1217.0,1552.0,0
T000259_fold0_x96,2006-03-31,2005-09-30,1474.3395,1167.1711,1335.5225,1622.3416,1513.9194,1246.0687,1398.1112,1053.0925,1505.209,1642.9039,1238.0,1527.0,0
T000259_fold0_x96,2006-06-30,2005-09-30,781.4862,853.008,677.875,784.1115,865.5285,1006.07874,804.14734,996.0172,679.4966,983.53235,1023.0,667.0,0
T000259_fold0_x96,2006-09-30,2005-09-30,1051.894,1046.704,961.2515,1029.8481,1114.9259,955.7826,995.71497,1044.7004,968.001,1064.99,1164.0,968.0,0
T000261_fold0_x97,2005-12-31,2005-09-30,20220.926,17745.648,19751.676,19231.473,19975.215,21754.531,19587.756,19770.273,18484.164,18222.281,18427.0,18519.0,0
T000261_fold0_x97,2006-03-31,2005-09-30,18696.574,15449.037,17793.887,18044.3,18374.902,18015.209,17728.902,18695.992,17047.059,17917.654,18651.0,17145.0,0
T000261_fold0_x97,2006-06-30,2005-09-30,11635.52,11194.569,10500.999,11072.018,11687.979,13275.761,11783.09,11786.0205,11262.35,11593.928,13268.0,11261.0,0
T000261_fold0_x97,2006-09-30,2005-09-30,11628.582,10859.234,9757.325,10986.696,11160.328,10455.977,11153.797,11346.314,10603.168,11509.844,10839.0,10603.0,0
T000262_fold0_x98,2005-12-31,2005-09-30,7165.6016,6404.7715,7216.087,6629.904,7197.8813,7143.325,7295.5596,6564.453,6530.4863,6753.918,6702.0,6531.0,0
T000262_fold0_x98,2006-03-31,2005-09-30,8434.076,7486.328,8079.7734,7669.4634,8493.168,7929.133,8196.949,8038.747,7561.803,7531.5166,7122.0,7571.0,0
T000262_fold0_x98,2006-06-30,2005-09-30,5739.9243,5504.532,5394.653,5646.5166,5966.909,5782.7573,5956.56,6066.689,5648.1235,5732.9756,5226.0,5648.0,0
T000262_fold0_x98,2006-09-30,2005-09-30,5815.471,5671.679,5365.5073,5547.403,5850.9004,5374.642,5992.9014,5597.106,5550.0215,5755.4946,5265.0,5550.0,0
T000263_fold0_x99,2005-12-31,2005-09-30,5927.45,5772.7373,5629.451,6587.16,5674.1943,5858.5195,6261.4253,6686.5405,5777.9272,7300.605,7862.0,5631.0,0
T000263_fold0_x99,2006-03-31,2005-09-30,8782.039,9018.4,8130.039,8379.183,8610.48,8205.696,8930.686,8633.685,8018.9785,8056.6904,10264.0,8029.0,0
T000263_fold0_x99,2006-06-30,2005-09-30,7158.9546,7291.0117,7019.6826,7199.7964,7204.5938,6938.35,7269.2583,7454.383,7031.51,7724.059,7729.0,6973.0,0
T000263_fold0_x99,2006-09-30,2005-09-30,8267.033,8470.484,7754.986,8029.961,8620.831,7979.422,8262.91,8518.158,7919.976,8140.2803,8637.0,7920.0,0
T000266_fold0_x100,2005-12-31,2005-09-30,4147.9814,3607.1387,3847.4497,4090.9917,3922.89,3550.0188,3918.6172,2625.7466,3821.3286,4176.6494,3526.0,3894.0,0
T000266_fold0_x100,2006-03-31,2005-09-30,4408.4844,3643.5005,4096.634,4384.9854,4324.061,3712.286,4332.919,3829.925,4180.927,4429.998,3663.0,4237.0,0
T000266_fold0_x100,2006-06-30,2005-09-30,2379.4326,2483.4292,2013.3486,2428.6653,2486.0754,2771.218,2475.5146,2113.4443,2137.1643,2823.967,1878.0,2107.0,0
T000266_fold0_x100,2006-09-30,2005-09-30,3080.0613,2884.27,2692.226,2977.3877,2993.728,2733.2732,3140.098,2998.276,2821.0002,3037.9873,3006.0,2821.0,0
T000267_fold0_x101,2005-12-31,2005-09-30,2147.7869,2047.0607,2256.8499,2036.0397,2124.4966,2080.629,2256.4365,2148.7012,2020.1547,2060.295,1777.0,2024.0,0
T000267_fold0_x101,2006-03-31,2005-09-30,2379.5144,2117.066,2340.3386,2316.5793,2329.3604,2118.6228,2356.8706,2147.434,2234.3809,2241.8037,1836.0,2249.0,0
T000267_fold0_x101,2006-06-30,2005-09-30,1934.3153,1853.3251,1877.116,1778.5049,1862.644,1920.1168,1986.9475,1864.1545,1782.7864,1768.5122,1261.0,1783.0,0
T000267_fold0_x101,2006-09-30,2005-09-30,1746.8713,1723.5583,1636.8138,1712.8723,1775.7036,1760.7954,1822.1592,1757.1522,1713.0078,1766.4785,1635.0,1713.0,0
T000268_fold0_x102,2005-12-31,2005-09-30,2879.7021,2688.3027,2869.991,2929.522,2688.701,2482.0781,3012.5732,2761.8372,2523.7148,3324.0813,1842.0,2459.0,0
T000268_fold0_x102,2006-03-31,2005-09-30,4974.424,4987.076,4700.0244,4512.046,4891.369,4494.742,4939.7065,4865.1016,4182.5586,4133.377,4440.0,4211.0,0
T000268_fold0_x102,2006-06-30,2005-09-30,2964.8438,2923.6868,2690.894,3446.5781,3104.914,2485.5127,3106.956,3561.3953,3297.586,3539.5537,2551.0,3284.0,0
T000268_fold0_x102,2006-09-30,2005-09-30,4081.9395,3935.5337,3579.528,3750.8008,4018.9277,3212.1453,3908.5808,4038.4995,3578.9893,3726.2842,3264.0,3579.0,0
T000276_fold0_x103,2005-12-31,2005-09-30,1944.611,1863.6517,1766.5936,1760.2766,1931.9998,1981.4001,1770.0132,1760.0779,1652.0208,1902.8062,1962.0,1652.0,0
T000276_fold0_x103,2006-03-31,2005-09-30,2168.1267,1981.8127,2230.7522,2482.376,2187.9758,1992.5176,2255.4863,2177.7136,2431.2285,2439.871,1369.0,2442.0,0
T000276_fold0_x103,2006-06-30,2005-09-30,1823.3185,1778.4702,1716.4999,1705.6969,1773.1119,1839.9006,1966.0977,1702.2007,1611.7128,1834.5613,1552.0,1611.0,0
T000276_fold0_x103,2006-09-30,2005-09-30,1932.6638,1855.7766,1915.4656,1925.9332,1889.3481,1867.3182,1971.767,1971.3739,1831.9847,1912.5507,1542.0,1832.0,0
T000277_fold0_x104,2005-12-31,2005-09-30,588.4779,566.5724,574.4608,533.9452,575.2926,606.07825,592.1808,496.66995,467.21484,546.7072,781.0,461.0,0
T000277_fold0_x104,2006-03-31,2005-09-30,649.08496,662.75244,664.4061,632.6252,643.2241,615.85614,671.50385,597.01794,611.6666,616.5652,640.0,613.0,0
T000277_fold0_x104,2006-06-30,2005-09-30,602.02246,589.1065,605.22284,650.1086,609.9969,634.1056,651.5898,633.13416,591.68854,611.76434,412.0,592.0,0
T000277_fold0_x104,2006-09-30,2005-09-30,608.824,583.51025,598.3409,622.9239,608.60785,642.06396,628.8725,595.7696,582.9992,596.1829,699.0,583.0,0
T000279_fold0_x105,2005-12-31,2005-09-30,8176.9937,7248.1616,7200.631,8013.976,8473.156,7541.81,7591.1724,5806.3267,7152.379,7902.826,7112.0,7256.0,0
T000279_fold0_x105,2006-03-31,2005-09-30,8525.137,7096.202,7937.208,9760.759,8563.708,6771.079,8250.764,7015.539,8709.113,9169.52,7037.0,8824.0,0
T000279_fold0_x105,2006-06-30,2005-09-30,5064.391,5476.815,4047.6465,5205.1445,5740.539,5737.9917,5125.039,5374.705,4445.9736,5946.7007,4746.0,4378.0,0
T000279_fold0_x105,2006-09-30,2005-09-30,6428.3125,6733.562,6028.518,6728.224,6606.932,5694.8657,6321.4995,6488.83,5974.992,6388.622,5361.0,5975.0,0
T000280_fold0_x106,2005-12-31,2005-09-30,25798.186,22096.383,25345.402,24727.656,25447.812,24281.844,25965.348,20262.445,23080.344,24485.932,20766.0,23126.0,0
T000280_fold0_x106,2006-03-31,2005-09-30,29805.844,25393.752,27802.395,27081.379,28682.219,26834.875,29031.547,26159.416,26611.729,26903.742,22392.0,26794.0,0
T000280_fold0_x106,2006-06-30,2005-09-30,14781.51,15299.858,13305.854,16027.707,15192.844,17241.494,15420.375,13821.577,15390.651,16967.871,15592.0,15384.0,0
T000280_fold0_x106,2006-09-30,2005-09-30,17609.8,16693.887,14282.385,16478.547,17230.418,15505.86,17397.834,16744.45,16316.08,17530.547,16797.0,16316.0,0
T000284_fold0_x107,2005-12-31,2005-09-30,34200.8,30061.639,33340.723,33533.734,33666.188,31925.209,34782.254,26157.941,31473.621,33723.152,30091.0,31731.0,0
T000284_fold0_x107,2006-03-31,2005-09-30,39426.406,34364.402,37033.793,35948.168,37475.57,35348.953,38907.617,33772.203,36141.8,36980.49,31975.0,36558.0,0
T000284_fold0_x107,2006-06-30,2005-09-30,20969.812,22369.152,18568.285,23156.203,20689.248,24540.08,21527.496,19520.016,21442.74,24498.605,21861.0,21383.0,0
T000284_fold0_x107,2006-09-30,2005-09-30,25753.232,25014.332,21730.848,25006.312,24925.303,23769.227,25657.465,25077.523,23973.041,25517.85,25317.0,23973.0,0
T000286_fold0_x108,2005-12-31,2005-09-30,3428.9915,3131.2764,3460.253,3323.9048,3241.8242,3289.8228,3563.1875,2997.922,3257.8071,3339.8794,3280.0,3293.0,0
T000286_fold0_x108,2006-03-31,2005-09-30,3481.8665,3212.1064,3202.3796,3232.9526,3340.7883,3154.0996,3378.0063,3330.5325,3128.0427,3268.411,2832.0,3143.0,0
T000286_fold0_x108,2006-06-30,2005-09-30,2563.8398,2367.3628,2416.9343,2610.113,2684.9397,2723.591,2489.642,2555.9338,2520.6243,2770.0886,2813.0,2510.0,0
T000286_fold0_x108,2006-09-30,2005-09-30,2942.2778,2740.9854,2613.1367,2803.727,2843.9197,2694.6418,2817.7454,2917.2083,2758.0012,2838.064,2928.0,2758.0,0
T000295_fold0_x109,2005-12-31,2005-09-30,9135.9375,8909.423,9729.609,9706.898,9465.71,8386.701,9393.296,7955.8037,9608.088,8951.055,7686.0,9613.0,0
T000295_fold0_x109,2006-03-31,2005-09-30,3508.8594,3460.745,3182.579,3569.2437,3905.1338,3534.0168,3088.555,2127.485,3420.7712,4682.412,2803.0,3426.0,0
T000295_fold0_x109,2006-06-30,2005-09-30,4026.7617,3935.2458,2843.9211,4911.4214,3964.9683,3659.7734,2940.9707,2967.0132,3653.732,2522.8376,3208.0,3654.0,0
T000295_fold0_x109,2006-09-30,2005-09-30,2652.8364,2575.9753,1074.3589,3297.7827,2373.9592,3145.5564,1825.4795,2526.0278,2058.1274,2818.7104,2298.0,2058.0,0
T000298_fold0_x110,2005-12-31,2005-09-30,828.3437,600.84015,845.53,802.0875,800.8257,642.53674,896.0796,523.6814,750.6815,798.2816,752.0,754.0,0
T000298_fold0_x110,2006-03-31,2005-09-30,1295.2059,1076.046,1200.8456,1088.5421,1278.913,1191.0461,1187.8857,955.5774,1022.3369,1022.82043,1221.0,1039.0,0
T000298_fold0_x110,2006-06-30,2005-09-30,806.5448,653.6937,620.6252,631.7699,780.8939,614.26764,765.9066,648.0946,652.242,619.13965,605.0,654.0,0
T000298_fold0_x110,2006-09-30,2005-09-30,616.9698,647.7129,571.5595,551.8976,611.28564,437.6764,623.2476,611.4026,545.0051,590.23206,336.0,545.0,0
T000299_fold0_x111,2005-12-31,2005-09-30,13101.289,12369.678,13454.501,13702.796,13369.434,12348.198,13166.893,11886.254,13318.995,12467.249,11782.0,13319.0,0
T000299_fold0_x111,2006-03-31,2005-09-30,6972.959,6612.922,6664.6074,6706.5854,7511.5444,6752.328,6652.086,5719.033,6701.0444,8156.8438,6331.0,6701.0,0
T000299_fold0_x111,2006-06-30,2005-09-30,6979.4995,6870.046,5549.9365,7556.4814,7082.502,6631.386,5900.334,5682.756,6610.0,5303.7,6333.0,6610.0,0
T000299_fold0_x111,2006-09-30,2005-09-30,5535.135,5336.6455,3619.856,5793.859,5181.0703,5675.6855,4652.013,5187.6123,4642.0,5501.0176,4854.0,4642.0,0
T000300_fold0_x112,2005-12-31,2005-09-30,6037.253,5811.577,5955.4146,6010.8594,6405.8135,5460.6685,5872.698,4268.2773,5765.4717,5529.5205,4542.0,5855.0,0
T000300_fold0_x112,2006-03-31,2005-09-30,2967.9282,2893.044,2637.0999,3134.542,3047.1553,2865.5347,2828.5005,2038.5167,2877.5923,3439.867,2122.0,2891.0,0
T000300_fold0_x112,2006-06-30,2005-09-30,3244.0444,3138.8684,2737.6292,3635.6096,3202.6724,3506.4878,2686.789,1752.615,3278.9473,2536.7266,3206.0,3298.0,0
T000300_fold0_x112,2006-09-30,2005-09-30,3040.7622,2547.7188,1902.1046,2880.8276,2781.793,3061.3794,2266.495,2733.56,2354.0503,2705.336,1911.0,2354.0,0
T000303_fold0_x113,2005-12-31,2005-09-30,1015.0332,888.0016,998.1162,900.58923,1017.93713,896.9178,991.4761,749.849,933.95905,824.3224,750.0,939.0,0
T000303_fold0_x113,2006-03-31,2005-09-30,873.3725,764.70123,881.8381,870.23376,892.4267,799.0786,893.6566,487.15155,896.67413,994.99634,678.0,907.0,0
T000303_fold0_x113,2006-06-30,2005-09-30,764.5578,697.19324,673.53546,936.4408,772.20874,755.1046,711.21155,666.42096,835.373,713.293,531.0,840.0,0
T000303_fold0_x113,2006-09-30,2005-09-30,774.40155,685.40576,591.7613,711.8054,772.45355,638.3937,568.1679,674.21277,588.00903,620.2918,453.0,588.0,0
T000304_fold0_x114,2005-12-31,2005-09-30,9577.648,9291.409,9515.481,9197.877,10065.836,9279.609,9340.281,7674.007,8932.289,8631.9795,7848.0,9073.0,0
T000304_fold0_x114,2006-03-31,2005-09-30,5507.3613,5385.18,5195.4907,5629.0664,5590.96,5238.053,5399.6685,4549.488,5257.3423,5970.633,4266.0,5275.0,0
T000304_fold0_x114,2006-06-30,2005-09-30,5905.426,5826.625,5311.6353,6293.8823,5890.5767,6121.8516,5223.954,4693.3403,5915.343,4821.7637,5166.0,5951.0,0
T000304_fold0_x114,2006-09-30,2005-09-30,5448.4346,4835.642,3983.799,5215.7095,5165.7104,5083.053,4565.047,5078.3564,4597.06,5044.5225,3978.0,4597.0,0
T000307_fold0_x115,2005-12-31,2005-09-30,317.77118,291.89304,286.77988,381.0937,320.35413,301.23154,289.19684,313.80533,382.00446,334.74792,278.0,382.0,0
T000307_fold0_x115,2006-03-31,2005-09-30,351.62085,388.01385,362.7156,440.162,355.0053,342.39056,359.4508,292.24524,400.9546,439.2939,534.0,402.0,0
T000307_fold0_x115,2006-06-30,2005-09-30,356.30566,383.5885,334.2978,424.22955,362.70932,350.1023,366.15253,328.84805,390.9389,366.95236,446.0,391.0,0
T000307_fold0_x115,2006-09-30,2005-09-30,339.21387,301.6793,277.02234,290.7285,313.40295,305.00922,282.57315,284.74365,244.00848,256.79733,132.0,244.0,0
T000310_fold0_x116,2005-12-31,2005-09-30,2534.1816,2618.387,2676.4104,2271.7842,2395.8423,2128.0864,2462.7905,2743.587,2313.603,2221.455,1891.0,2314.0,0
T000310_fold0_x116,2006-03-31,2005-09-30,806.1593,616.7102,764.2674,802.9275,792.1134,813.7023,654.7799,792.1235,833.56067,1173.824,353.0,834.0,0
T000310_fold0_x116,2006-06-30,2005-09-30,761.6106,725.2127,341.7496,684.43726,690.9984,597.9889,482.4842,713.5971,596.0344,636.2345,432.0,596.0,0
T000310_fold0_x116,2006-09-30,2005-09-30,697.4637,716.4227,305.54526,703.7538,493.55115,490.63025,501.67334,681.3384,553.01215,741.87067,351.0,553.0,0
T000311_fold0_x117,2005-12-31,2005-09-30,619.6537,639.6557,656.3611,810.551,721.1482,642.7991,635.10095,533.361,759.51935,694.9896,747.0,769.0,0
T000311_fold0_x117,2006-03-31,2005-09-30,344.79016,344.77783,373.34436,441.1026,371.38815,382.8898,348.26074,261.86572,407.09705,511.02643,514.0,413.0,0
T000311_fold0_x117,2006-06-30,2005-09-30,379.20715,375.0759,300.05957,315.58282,418.97812,381.57416,336.27374,152.34305,355.19815,257.17813,426.0,357.0,0
T000311_fold0_x117,2006-09-30,2005-09-30,295.13116,298.69986,189.63681,257.87595,341.82187,330.21268,209.48988,250.23277,199.01074,253.56725,360.0,199.0,0
T000316_fold0_x118,2005-12-31,2005-09-30,1831.1202,1790.613,1859.4861,1788.5787,1844.1909,1853.3218,1839.4602,1311.3873,1906.4602,1792.729,1756.0,1914.0,0
T000316_fold0_x118,2006-03-31,2005-09-30,1242.5991,1290.6122,1251.2543,1162.821,1272.8168,1234.1716,1251.709,1303.2853,1116.8755,1448.7262,1190.0,1118.0,0
T000316_fold0_x118,2006-06-30,2005-09-30,1524.1272,1532.5942,1501.0928,1701.7334,1536.1404,1496.5979,1419.4895,1247.6182,1595.3274,1060.1743,1537.0,1601.0,0
T000316_fold0_x118,2006-09-30,2005-09-30,1199.7411,1134.9252,991.8382,1266.1843,1165.4858,1143.3134,1081.535,1283.7727,1037.0281,1130.2728,1191.0,1037.0,0
T000317_fold0_x119,2005-12-31,2005-09-30,265.1985,276.84467,236.71669,261.02563,265.7493,298.08463,236.24185,291.29782,263.9295,290.61664,311.0,260.0,0
T000317_fold0_x119,2006-03-31,2005-09-30,305.49615,321.58945,253.14641,240.39584,293.1076,363.1859,259.89853,318.32352,246.82162,262.3877,375.0,242.0,0
T000317_fold0_x119,2006-06-30,2005-09-30,344.2563,379.42035,336.8054,310.32422,341.71716,390.35022,345.86505,341.9571,299.49265,312.8144,488.0,296.0,0
T000317_fold0_x119,2006-09-30,2005-09-30,370.7723,377.23694,367.6424,363.63336,373.10156,406.40112,416.11713,333.78946,352.99872,360.7042,396.0,353.0,0
T000320_fold0_x120,2005-12-31,2005-09-30,943.32416,972.51135,1010.9143,1132.8784,1089.312,1096.7114,979.1733,834.126,1113.4738,837.2384,1152.0,1128.0,0
T000320_fold0_x120,2006-03-31,2005-09-30,734.04626,762.35144,797.04474,824.61774,774.1515,757.89923,744.9979,668.6257,805.7367,1106.3932,660.0,817.0,0
T000320_fold0_x120,2006-06-30,2005-09-30,930.5284,922.8083,880.01086,1015.3491,1041.9874,833.9808,892.4305,870.76636,966.57825,575.7902,768.0,982.0,0
T000320_fold0_x120,2006-09-30,2005-09-30,662.8209,626.9553,489.80817,728.92377,767.9672,675.9818,486.01373,624.5421,490.01285,549.0272,735.0,490.0,0
T000321_fold0_x121,2005-12-31,2005-09-30,1273.6143,1305.16,1282.336,983.10944,1230.7189,1299.2716,1221.478,1383.1968,994.95667,1002.94727,1432.0,995.0,0
T000321_fold0_x121,2006-03-31,2005-09-30,871.81854,868.11725,880.4179,909.87866,787.3929,874.03784,861.28235,1151.0618,871.3117,915.2403,886.0,871.0,0
T000321_fold0_x121,2006-06-30,2005-09-30,1117.5616,1092.9482,1036.6266,939.2772,1034.2368,1050.2247,1051.9136,1213.6729,925.99854,904.9556,1154.0,926.0,0
T000321_fold0_x121,2006-09-30,2005-09-30,920.90796,919.64215,871.8291,953.44434,912.98004,884.4346,898.6167,1026.3589,927.00037,937.4486,885.0,927.0,0
T000326_fold0_x122,2005-12-31,2005-09-30,7913.827,8079.6836,8164.1147,8207.096,8053.8633,8174.0605,7925.246,7723.0186,7808.9346,7578.701,8988.0,7864.0,0
T000326_fold0_x122,2006-03-31,2005-09-30,5263.4985,5431.0415,5343.722,5283.6567,5404.492,5218.401,5271.7104,5483.0127,5006.2314,5678.479,4996.0,5013.0,0
T000326_fold0_x122,2006-06-30,2005-09-30,6312.3984,6333.5796,6001.7104,6437.56,6216.2437,6071.4834,5965.422,6036.9985,6145.0293,4811.264,6148.0,6170.0,0
T000326_fold0_x122,2006-09-30,2005-09-30,4982.5264,4778.4004,4265.9165,5054.2607,4823.28,4938.8574,4798.96,5028.8354,4657.066,4983.63,4998.0,4657.0,0
T000328_fold0_x123,2005-12-31,2005-09-30,4949.762,4240.7593,4766.577,4351.157,4968.7534,4707.6143,4973.3296,4208.807,4306.9995,4471.0117,4080.0,4305.0,0
T000328_fold0_x123,2006-03-31,2005-09-30,6108.961,5358.397,5680.3936,5593.6265,5982.4395,5731.7695,5874.0425,5253.3867,5549.361,5610.163,5641.0,5605.0,0
T000328_fold0_x123,2006-06-30,2005-09-30,4563.9243,4278.906,3955.1013,4863.9917,4657.0103,4314.444,4486.874,4690.0703,4547.803,4621.4927,4219.0,4556.0,0
T000328_fold0_x123,2006-09-30,2005-09-30,4245.2495,4187.742,3601.9436,4038.5068,4057.828,3718.0078,3917.0696,3948.8828,3703.0374,3850.248,3945.0,3703.0,0
T000333_fold0_x124,2005-12-31,2005-09-30,15813.888,14241.263,15221.803,14861.476,14954.511,14264.148,16635.682,13600.722,14342.475,15607.988,14125.0,14326.0,0
T000333_fold0_x124,2006-03-31,2005-09-30,20704.61,19015.273,18792.299,18980.615,19555.135,19052.432,20069.531,17819.666,18463.396,18554.984,20315.0,18586.0,0
T000333_fold0_x124,2006-06-30,2005-09-30,13099.664,13297.734,11432.321,14444.942,13517.31,12842.571,13204.827,13590.456,13420.045,15342.792,13163.0,13338.0,0
T000333_fold0_x124,2006-09-30,2005-09-30,17095.367,17394.512,15491.174,16303.229,16721.762,15101.304,16603.703,16599.307,15561.963,16033.809,16914.0,15562.0,0
T000334_fold0_x125,2005-12-31,2005-09-30,167414.28,147717.45,165289.22,163307.53,161101.5,172519.69,169254.92,157059.06,159298.97,157724.44,154065.0,159299.0,0
T000334_fold0_x125,2006-03-31,2005-09-30,162621.56,140429.03,149143.7,154648.6,156462.89,146763.56,154608.7,151737.34,147898.6,154107.34,141200.0,147901.0,0
T000334_fold0_x125,2006-06-30,2005-09-30,105922.65,106733.03,95320.555,109147.31,103335.22,125584.734,106262.5,102821.7,109183.01,114315.4,108103.0,109183.0,0
T000334_fold0_x125,2006-09-30,2005-09-30,117466.2,113317.52,100318.96,109737.414,109625.516,110772.52,115167.28,109279.65,108411.0,114324.766,109767.0,108411.0,0
T000336_fold0_x126,2005-12-31,2005-09-30,43851.43,35406.543,44009.914,43768.53,43533.727,47079.297,43909.934,41474.508,40537.957,42600.33,40313.0,40538.0,0
T000336_fold0_x126,2006-03-31,2005-09-30,50571.355,38640.74,48517.254,49255.242,49742.22,48743.156,48126.227,47121.91,45774.402,46565.242,48471.0,45779.0,0
T000336_fold0_x126,2006-06-30,2005-09-30,16411.09,17990.8,13031.79,14693.524,16144.224,23036.219,18683.502,15093.331,15126.02,17595.773,16421.0,15126.0,0
T000336_fold0_x126,2006-09-30,2005-09-30,15150.66,16305.067,10716.327,15402.341,15063.087,14732.497,15957.212,14208.097,14504.001,18189.535,13539.0,14504.0,0
T000339_fold0_x127,2005-12-31,2005-09-30,102007.58,81313.38,102035.38,91922.3,102582.336,110372.95,102420.3,95447.95,90272.15,95264.016,89372.0,91003.0,0
T000339_fold0_x127,2006-03-31,2005-09-30,133202.75,106931.19,129087.96,132277.84,133319.77,131471.31,128297.72,126304.66,118524.16,120106.766,120606.0,120813.0,0
T000339_fold0_x127,2006-06-30,2005-09-30,54523.887,54950.016,46502.426,53458.832,55326.1,62566.57,60077.527,51118.637,54193.723,50691.418,41906.0,54266.0,0
T000339_fold0_x127,2006-09-30,2005-09-30,46033.17,47155.21,34392.883,43136.42,47419.965,42549.9,45520.32,43027.477,42342.1,50190.254,37440.0,42341.0,0
T000344_fold0_x128,2005-12-31,2005-09-30,11177.214,8867.692,11512.442,11691.498,11302.7,11414.248,11572.852,10043.681,10675.784,11331.942,10141.0,10680.0,0
T000344_fold0_x128,2006-03-31,2005-09-30,13796.07,10454.061,13437.522,13900.025,13698.369,12468.881,13291.184,12263.637,12840.037,13017.713,12836.0,12885.0,0
T000344_fold0_x128,2006-06-30,2005-09-30,3557.309,4400.4746,2377.2507,3000.3975,3441.9675,5695.089,4166.757,3007.4846,3307.6855,3733.3672,3426.0,3307.0,0
T000344_fold0_x128,2006-09-30,2005-09-30,2977.0942,3732.8337,1480.3481,3076.5898,2756.251,3116.9368,3165.6992,2458.0244,2757.1428,3901.3594,2940.0,2757.0,0
T000345_fold0_x129,2005-12-31,2005-09-30,3892.467,3651.3813,4140.209,3481.5107,3842.872,4141.383,4071.3604,3165.7695,3444.6094,3300.8933,3675.0,3430.0,0
T000345_fold0_x129,2006-03-31,2005-09-30,4640.4214,4589.256,4676.4277,4038.5952,4632.8843,4621.121,4697.0947,4125.2954,3903.2356,4117.7373,3862.0,3936.0,0
T000345_fold0_x129,2006-06-30,2005-09-30,3882.0474,3660.6904,3586.9973,4137.6104,4128.709,3907.5684,3688.3645,4023.9844,4068.891,4027.9507,2613.0,4103.0,0
T000345_fold0_x129,2006-09-30,2005-09-30,3597.3542,3264.4211,2940.3267,3221.5354,3462.232,3311.7354,3230.9834,3230.818,3055.02,3129.963,2493.0,3055.0,0
T000346_fold0_x130,2005-12-31,2005-09-30,1707.9901,1420.5754,1658.5847,1541.0436,1696.076,1689.4033,1606.0282,1636.437,1456.3373,1510.2694,1694.0,1458.0,0
T000346_fold0_x130,2006-03-31,2005-09-30,1830.3958,1370.826,1707.3428,1743.534,1800.6871,1618.6138,1667.0541,1615.638,1648.3091,1667.2415,1627.0,1658.0,0
T000346_fold0_x130,2006-06-30,2005-09-30,930.2655,867.1831,802.65906,814.192,910.397,1092.7808,962.2258,826.34424,848.14325,868.3895,694.0,848.0,0
T000346_fold0_x130,2006-09-30,2005-09-30,883.3289,823.8113,702.1794,809.7617,854.17413,779.89233,813.1595,813.9362,783.01575,880.32263,906.0,783.0,0
T000347_fold0_x131,2005-12-31,2005-09-30,118.66225,122.515526,117.73605,118.99574,96.857735,108.16206,94.940216,175.87575,92.87305,126.529045,94.0,88.0,0
T000347_fold0_x131,2006-03-31,2005-09-30,179.98244,161.09984,176.5505,180.97806,165.8891,118.51296,157.8732,171.09285,177.99469,187.45282,112.0,180.0,0
T000347_fold0_x131,2006-06-30,2005-09-30,206.97623,205.998,185.99042,192.63771,199.34518,142.41185,205.03235,209.8529,173.92747,206.83911,193.0,176.0,0
T000347_fold0_x131,2006-09-30,2005-09-30,158.00327,157.94464,143.07278,143.30832,160.36516,140.0645,141.95422,148.20973,134.00024,141.08308,69.0,134.0,0
T000348_fold0_x132,2005-12-31,2005-09-30,357.76984,351.15283,383.34024,296.56345,344.34042,325.70023,366.41345,376.25806,272.22852,254.56332,330.0,272.0,0
T000348_fold0_x132,2006-03-31,2005-09-30,274.6057,278.3141,257.0326,231.39284,250.01503,278.48422,239.07626,301.49908,184.21915,221.108,361.0,178.0,0
T000348_fold0_x132,2006-06-30,2005-09-30,368.44537,358.3565,351.35812,315.65756,354.2008,339.80762,340.12015,362.0239,278.5206,261.71652,254.0,276.0,0
T000348_fold0_x132,2006-09-30,2005-09-30,289.9147,322.24915,307.7032,336.50916,322.59482,279.7207,322.03125,309.02585,310.9993,320.37906,375.0,311.0,0
T000350_fold0_x133,2005-12-31,2005-09-30,63206.266,49785.055,63750.902,59676.637,63248.344,68959.51,64094.28,55971.113,54737.508,58404.836,52804.0,55315.0,0
T000350_fold0_x133,2006-03-31,2005-09-30,89789.36,73513.69,87508.97,88476.336,89985.33,90165.63,86932.11,83284.17,79457.28,80062.305,77334.0,81349.0,0
T000350_fold0_x133,2006-06-30,2005-09-30,38627.047,37774.867,32793.64,37719.742,39905.586,41760.867,41778.273,35991.605,39485.63,34214.164,24925.0,39732.0,0
T000350_fold0_x133,2006-09-30,2005-09-30,30534.889,30497.457,21515.514,27994.59,31241.848,27853.191,28540.994,27861.602,26796.594,31868.906,22848.0,26796.0,0
T000351_fold0_x134,2005-12-31,2005-09-30,47464.92,38352.633,47626.406,47240.516,47053.46,50882.17,47477.47,44878.28,43871.89,45993.688,43977.0,43872.0,0
T000351_fold0_x134,2006-03-31,2005-09-30,54283.133,41344.836,52037.992,53010.92,53391.977,52103.65,51587.07,50304.992,49196.93,50096.984,52362.0,49206.0,0
T000351_fold0_x134,2006-06-30,2005-09-30,17802.416,19450.414,14182.177,15960.061,17516.902,24917.059,20200.02,16148.571,16485.055,19065.533,17784.0,16485.0,0
T000351_fold0_x134,2006-09-30,2005-09-30,16488.312,17676.254,11635.9795,16714.668,16238.849,15840.402,17175.629,15359.35,15703.003,19659.773,14913.0,15703.0,0
T000352_fold0_x135,2005-12-31,2005-09-30,3604.681,3257.021,3682.8489,3416.2314,3573.8665,3650.2163,3664.5806,2853.1858,3318.6946,3317.2715,3856.0,3317.0,0
T000352_fold0_x135,2006-03-31,2005-09-30,4523.1006,4123.225,4514.148,4237.0605,4448.844,4630.881,4422.976,4426.9453,4122.583,4236.7036,4758.0,4172.0,0
T000352_fold0_x135,2006-06-30,2005-09-30,3807.1216,3469.8,3437.529,3913.954,3652.8413,3464.421,3744.2827,3890.386,3582.938,3646.6306,3094.0,3599.0,0
T000352_fold0_x135,2006-09-30,2005-09-30,2959.344,2762.3567,2666.5664,2948.533,2867.0874,2796.9492,2920.9233,2810.5164,2665.0295,2773.6982,2697.0,2665.0,0
T000356_fold0_x136,2005-12-31,2005-09-30,3026.8796,2363.1143,2822.5303,2901.1934,2952.8906,3179.2644,2811.727,2550.3667,2623.7773,2871.834,2984.0,2635.0,0
T000356_fold0_x136,2006-03-31,2005-09-30,3309.3442,2376.6707,3095.4316,3358.7183,3214.3555,2951.8516,3112.5195,2912.5547,3141.1726,3232.0146,3104.0,3179.0,0
T000356_fold0_x136,2006-06-30,2005-09-30,1040.8611,1101.5992,808.0122,1031.7838,1005.9629,1472.828,1180.1235,890.6061,936.50354,1274.5173,1266.0,935.0,0
T000356_fold0_x136,2006-09-30,2005-09-30,1315.6166,1242.3678,958.31805,1144.978,1190.1885,922.4877,1173.6464,1163.7465,1130.018,1376.254,1050.0,1130.0,0
T000358_fold0_x137,2005-12-31,2005-09-30,939.5024,946.8576,910.84015,1035.6472,938.8556,778.0789,940.65814,974.91846,919.45905,1252.217,1084.0,913.0,0
T000358_fold0_x137,2006-03-31,2005-09-30,1954.1267,1765.023,1846.5688,2009.636,1881.1982,1657.8986,1909.2428,1823.294,1905.5305,1891.4087,2242.0,1930.0,0
T000358_fold0_x137,2006-06-30,2005-09-30,816.85657,872.14044,695.13403,959.0122,787.82886,724.71454,931.9644,1012.5448,748.8886,1254.397,537.0,729.0,0
T000358_fold0_x137,2006-09-30,2005-09-30,1540.1195,1519.7463,1399.8174,1470.479,1578.8519,1189.334,1493.859,1529.4991,1321.9885,1431.0531,1785.0,1322.0,0
T000367_fold0_x138,2005-12-31,2005-09-30,487.52618,392.65402,467.9619,453.65555,476.61707,363.40332,498.4255,500.31653,372.38812,436.2889,326.0,373.0,0
T000367_fold0_x138,2006-03-31,2005-09-30,647.3059,505.83563,528.89996,575.78125,624.4258,493.19855,566.2417,531.11475,533.7586,512.9977,391.0,537.0,0
T000367_fold0_x138,2006-06-30,2005-09-30,336.70154,273.78357,275.78537,378.22424,324.77817,249.51883,311.61658,465.79434,248.33118,429.40332,277.0,234.0,0
T000367_fold0_x138,2006-09-30,2005-09-30,542.35693,518.5088,477.789,522.05493,554.1454,439.07776,474.69073,549.7701,472.99695,499.51282,435.0,473.0,0
T000373_fold0_x139,2005-12-31,2005-09-30,1349.0045,1321.7681,1370.7211,1369.1663,1322.6351,1169.7778,1423.6049,1302.2329,1242.5657,1369.4698,1389.0,1257.0,0
T000373_fold0_x139,2006-03-31,2005-09-30,1295.8345,1269.0289,1217.3695,1174.043,1304.558,1293.6545,1227.0815,1444.3456,1099.0784,1075.7236,1673.0,1087.0,0
T000373_fold0_x139,2006-06-30,2005-09-30,983.88763,938.559,955.1631,1016.12897,1009.6886,983.93445,1013.7556,1067.6707,899.67444,1072.7786,944.0,866.0,0
T000373_fold0_x139,2006-09-30,2005-09-30,1329.2273,1387.3229,1389.0494,1460.7401,1333.3492,1403.84,1522.5267,1368.6302,1362.9943,1398.5215,1323.0,1363.0,0
T000376_fold0_x140,2005-12-31,2005-09-30,1120.5237,957.7046,1104.5725,1028.2972,1135.3164,1154.3154,1078.4138,1142.2097,968.46234,983.9919,1043.0,970.0,0
T000376_fold0_x140,2006-03-31,2005-09-30,1022.4678,739.79895,949.3772,960.48517,1030.5907,883.6537,898.6323,803.313,917.9739,973.7691,1073.0,923.0,0
T000376_fold0_x140,2006-06-30,2005-09-30,516.77966,489.6873,432.06274,460.43927,497.54004,674.4047,528.0592,581.43445,453.1673,540.6556,457.0,453.0,0
T000376_fold0_x140,2006-09-30,2005-09-30,533.5854,523.1487,453.80695,491.59558,549.8505,524.04236,534.72516,524.7529,490.00592,551.80817,444.0,490.0,0
T000378_fold0_x141,2005-12-31,2005-09-30,1039.2509,997.25385,1004.7008,891.5672,975.0728,1016.20496,994.89557,985.79834,866.29205,880.0696,999.0,872.0,0
T000378_fold0_x141,2006-03-31,2005-09-30,914.47,795.7653,899.8881,979.70294,847.1648,845.25134,910.04956,655.1287,939.85925,958.3058,890.0,952.0,0
T000378_fold0_x141,2006-06-30,2005-09-30,688.61145,665.09186,605.607,589.0119,663.6053,699.7635,680.7976,570.3226,618.42236,594.00006,715.0,619.0,0
T000378_fold0_x141,2006-09-30,2005-09-30,631.6447,554.847,479.19882,568.03845,617.2978,489.61218,528.9539,580.03314,548.00635,591.3034,693.0,548.0,0
T000379_fold0_x142,2005-12-31,2005-09-30,5297.408,4634.0693,5348.2505,5070.96,5175.207,5368.2334,5235.622,5151.554,4738.3633,4634.716,5256.0,4805.0,0
T000379_fold0_x142,2006-03-31,2005-09-30,4847.8203,3783.8245,4630.6484,4787.5386,4831.2246,4278.876,4622.9067,4048.604,4458.11,4752.276,5010.0,4542.0,0
T000379_fold0_x142,2006-06-30,2005-09-30,2633.0315,2711.8936,2326.1716,2314.5645,2593.4478,2976.2979,2674.2827,2258.1528,2531.5908,2315.0334,2444.0,2540.0,0
T000379_fold0_x142,2006-09-30,2005-09-30,2201.0044,1965.7563,1405.3684,2225.7227,2181.1755,1910.8302,1950.5157,2113.5544,1922.0469,2244.6362,2352.0,1922.0,0
T000380_fold0_x143,2005-12-31,2005-09-30,42643.49,34541.72,43192.9,42644.797,42848.816,42308.945,43222.977,40706.406,39535.57,41874.516,38281.0,39685.0,0
T000380_fold0_x143,2006-03-31,2005-09-30,45770.117,32945.61,43064.727,45948.582,46420.086,38438.676,42810.152,44231.906,40850.5,43442.477,42098.0,41306.0,0
T000380_fold0_x143,2006-06-30,2005-09-30,10257.488,13379.617,5646.1123,10161.683,9894.965,18578.078,11289.49,11962.131,9214.077,14795.705,9485.0,9197.0,0
T000380_fold0_x143,2006-09-30,2005-09-30,12860.752,14615.565,7286.7197,11752.791,13693.302,11208.278,13325.21,11750.777,11921.344,15801.572,13923.0,11921.0,0
T000383_fold0_x144,2005-12-31,2005-09-30,4216.562,3930.2815,4141.314,4614.203,4140.84,3679.7786,4270.7905,3670.342,3829.9502,4196.843,4226.0,3830.0,0
T000383_fold0_x144,2006-03-31,2005-09-30,5414.327,4657.6416,5111.9204,5477.8687,5285.1753,4812.6504,5248.6484,5051.754,5110.9404,5197.6426,5703.0,5112.0,0
T000383_fold0_x144,2006-06-30,2005-09-30,2901.5825,2965.6091,2639.857,3498.2798,2975.513,3096.9468,3155.793,3255.5737,2634.0435,3702.5513,2679.0,2634.0,0
T000383_fold0_x144,2006-09-30,2005-09-30,4106.669,4053.474,3887.0889,4278.0293,4139.087,3632.5544,4219.2817,4151.183,3853.9978,4067.5073,4560.0,3854.0,0
T000384_fold0_x145,2005-12-31,2005-09-30,61545.477,50502.28,61457.395,60771.773,62577.75,62192.395,61407.89,58188.484,55871.02,59564.453,56294.0,56278.0,0
T000384_fold0_x145,2006-03-31,2005-09-30,65823.516,48473.637,61910.88,65479.332,66951.88,57994.848,61755.47,63225.46,58882.8,62356.203,61361.0,59774.0,0
T000384_fold0_x145,2006-06-30,2005-09-30,19247.678,22691.252,13659.034,19453.594,19686.615,31223.152,21228.824,22186.209,17720.625,25541.102,18239.0,17672.0,0
T000384_fold0_x145,2006-09-30,2005-09-30,23320.414,24967.469,16555.395,21807.416,24585.678,21361.387,24411.977,21690.992,22181.404,27126.375,24210.0,22181.0,0
T000387_fold0_x146,2005-12-31,2005-09-30,6833.476,6154.7754,6928.308,6280.7944,6612.425,7009.8506,6835.0894,5738.166,6079.2026,5875.4805,7155.0,6080.0,0
T000387_fold0_x146,2006-03-31,2005-09-30,7836.458,7032.372,7746.471,7521.3457,7591.9897,7737.028,7624.058,7325.5195,7124.1855,7405.8223,7449.0,7200.0,0
T000387_fold0_x146,2006-06-30,2005-09-30,6913.2764,6337.521,6197.2686,6959.1533,6488.639,6505.901,6686.9717,6713.2524,6424.235,6384.1523,5580.0,6445.0,0
T000387_fold0_x146,2006-09-30,2005-09-30,5172.309,4747.742,4494.557,5131.6577,5012.9014,4928.975,4988.543,4889.1875,4657.0703,4841.176,4551.0,4657.0,0
T000388_fold0_x147,2005-12-31,2005-09-30,8681.11,8315.893,8948.419,8915.615,8576.573,8042.536,9194.0205,9035.148,8223.666,8802.775,8895.0,8257.0,0
T000388_fold0_x147,2006-03-31,2005-09-30,10897.937,9728.58,10406.926,10546.138,10740.597,10299.82,10694.314,10683.395,9976.261,10214.977,10653.0,10035.0,0
T000388_fold0_x147,2006-06-30,2005-09-30,6427.1807,6343.2925,6027.323,7117.4893,6441.3613,6607.716,6859.5356,7047.6094,5841.8213,7742.778,5962.0,5817.0,0
T000388_fold0_x147,2006-09-30,2005-09-30,8482.002,8438.804,8015.4487,8825.599,8500.338,7713.902,8768.346,8328.894,8070.9326,8436.346,8325.0,8071.0,0
T000398_fold0_x148,2005-12-31,2005-09-30,5447.895,5139.0566,5493.4536,5292.578,5389.1416,5211.5107,5614.864,4445.697,5216.592,4989.902,5961.0,5244.0,0
T000398_fold0_x148,2006-03-31,2005-09-30,4605.5674,4637.5625,4443.178,4133.7544,4613.6113,4383.7295,4594.8354,4820.0244,3953.4053,4779.369,5256.0,3942.0,0
T000398_fold0_x148,2006-06-30,2005-09-30,4714.543,4552.1777,4439.1465,5076.2153,4517.1123,4591.5137,4586.168,4578.9014,4974.7715,4044.4236,5294.0,5002.0,0
T000398_fold0_x148,2006-09-30,2005-09-30,4466.5186,4335.3296,4000.578,4396.0273,4311.635,4523.021,4409.164,4546.9053,4178.02,4316.053,5481.0,4178.0,0
T000401_fold0_x149,2005-12-31,2005-09-30,7268.3105,7088.819,7341.8325,6874.184,7389.7334,7447.038,7263.2954,7867.315,6798.085,6808.5493,7009.0,6869.0,0
T000401_fold0_x149,2006-03-31,2005-09-30,6356.0254,5778.922,6164.408,6205.3804,6368.0874,5924.746,6204.416,7109.695,5938.5576,6411.377,5268.0,5969.0,0
T000401_fold0_x149,2006-06-30,2005-09-30,5064.9707,4990.7715,4765.4375,4846.31,5270.0107,5150.9233,5162.2773,5197.066,4720.707,5177.454,4730.0,4711.0,0
T000401_fold0_x149,2006-09-30,2005-09-30,5123.6494,5022.5054,4791.5728,5205.1675,5078.79,4822.0005,5373.132,5321.019,5058.0107,5276.2744,5022.0,5058.0,0
T000402_fold0_x150,2005-12-31,2005-09-30,1633.7877,1440.8605,1621.2852,1601.5709,1593.8516,1380.4827,1605.0182,1190.2018,1506.0718,1527.6027,1044.0,1512.0,0
T000402_fold0_x150,2006-03-31,2005-09-30,1756.1438,1453.197,1720.603,1905.8569,1728.6892,1284.8535,1771.0706,1168.6794,1822.5149,1839.7878,1600.0,1847.0,0
T000402_fold0_x150,2006-06-30,2005-09-30,1345.1346,1325.1747,1166.3569,1366.5555,1375.5063,1289.5159,1345.167,1292.3561,1358.6903,1261.7527,1385.0,1363.0,0
T000402_fold0_x150,2006-09-30,2005-09-30,1288.522,1343.774,1046.0146,1195.8667,1268.1611,1061.7412,1089.2041,1230.3513,1118.01,1182.3989,1659.0,1118.0,0
T000404_fold0_x151,2005-12-31,2005-09-30,22344.604,21926.633,22784.652,23707.18,23832.395,17867.178,23850.89,21951.48,22706.0,22876.88,18915.0,22706.0,0
T000404_fold0_x151,2006-03-31,2005-09-30,23373.428,22114.266,22282.336,22760.662,24187.406,18773.73,23422.432,20154.941,22231.0,22918.568,19197.0,22231.0,0
T000404_fold0_x151,2006-06-30,2005-09-30,15312.455,16151.279,11676.998,14239.064,15914.162,14425.839,14275.672,14201.993,14345.0,15363.014,13597.0,14345.0,0
T000404_fold0_x151,2006-09-30,2005-09-30,15808.99,17324.94,12031.412,14555.74,16983.79,11955.617,14847.412,15152.26,14405.0,15454.755,16236.0,14405.0,0
T000406_fold0_x152,2005-12-31,2005-09-30,24720.98,23231.68,24298.053,23056.719,24756.953,24448.23,23695.303,24683.355,22158.68,21506.746,23638.0,22247.0,0
T000406_fold0_x152,2006-03-31,2005-09-30,18993.06,16890.174,18397.234,17955.623,18855.664,17600.172,18257.156,19577.412,17369.863,19053.756,17039.0,17443.0,0
T000406_fold0_x152,2006-06-30,2005-09-30,16186.906,15900.307,14797.351,15303.744,16312.69,16216.525,15643.641,16025.241,14907.313,15047.611,15421.0,14908.0,0
T000406_fold0_x152,2006-09-30,2005-09-30,15137.002,14465.797,13284.329,14824.682,14996.16,14000.455,15027.902,15320.695,14284.146,15102.931,14823.0,14284.0,0
T000409_fold0_x153,2005-12-31,2005-09-30,58397.305,54581.535,59593.1,58050.07,58498.508,54675.13,60576.6,59832.945,56851.164,55597.715,55083.0,56860.0,0
T000409_fold0_x153,2006-03-31,2005-09-30,54008.066,49029.484,52192.344,53121.195,53819.0,47805.49,53537.48,54104.766,50450.05,53412.156,49633.0,50499.0,0
T000409_fold0_x153,2006-06-30,2005-09-30,38846.777,39459.457,34836.445,38226.336,38043.9,39085.33,39022.12,37033.125,38525.996,39851.195,39560.0,38525.0,0
T000409_fold0_x153,2006-09-30,2005-09-30,39164.93,39890.992,34019.254,38488.38,38036.863,35112.02,39314.84,38979.91,37653.27,39765.484,41262.0,37653.0,0
T000411_fold0_x154,2005-12-31,2005-09-30,233197.39,208590.17,230067.9,229100.9,230011.12,243387.25,227189.7,229088.61,221443.75,218355.73,223195.0,221444.0,0
T000411_fold0_x154,2006-03-31,2005-09-30,213546.86,175114.4,205029.64,212695.12,208593.31,196180.88,204334.98,212590.38,199858.28,211588.6,198685.0,199873.0,0
T000411_fold0_x154,2006-06-30,2005-09-30,134402.88,130793.516,123398.84,126021.03,133182.75,153532.11,137770.72,127870.586,126215.086,135622.2,136093.0,126215.0,0
T000411_fold0_x154,2006-09-30,2005-09-30,134046.17,126134.016,115367.92,126907.39,128476.71,121198.836,133121.6,131597.89,124289.01,135560.28,123420.0,124289.0,0
T000415_fold0_x155,1999-03-31,1998-12-31,63369.25,64832.78,97375.22,-3667.0938,46743.5,66758.16,101509.95,99848.16,67381.55,124292.69,67595.0,38355.0,0
T000415_fold0_x155,1999-06-30,1998-12-31,719801.4,813822.6,747554.94,716728.1,697106.9,811770.44,730930.56,646219.2,647815.1,751689.06,778682.0,663581.0,0
T000415_fold0_x155,1999-09-30,1998-12-31,1157554.2,1212089.2,1086428.2,1235654.8,1185013.0,1242786.1,1130259.8,1047143.75,1100448.2,1232895.8,1317486.0,1123497.0,0
T000415_fold0_x155,1999-12-31,1998-12-31,250627.78,311226.8,220496.52,193842.19,266913.75,283719.25,225825.97,248131.6,218825.28,293304.0,269270.0,218810.0,0
T000416_fold0_x156,1999-03-31,1998-12-31,19764.875,23384.469,30111.39,11713.836,17777.969,14764.664,31227.566,22147.938,19146.34,33405.934,33547.0,14641.0,0
T000416_fold0_x156,1999-06-30,1998-12-31,185186.52,207813.62,192992.86,178650.3,186643.53,195921.22,187118.17,167240.95,162662.9,197721.72,179192.0,166433.0,0
T000416_fold0_x156,1999-09-30,1998-12-31,269991.78,277616.0,251750.88,286101.8,273085.7,279084.3,265128.34,247595.22,257093.62,279324.6,284975.0,260252.0,0
T000416_fold0_x156,1999-12-31,1998-12-31,49635.395,66871.56,40276.055,47961.36,54424.51,55180.11,48018.35,48407.695,44880.41,62437.63,48267.0,44875.0,0
T000417_fold0_x157,1999-03-31,1998-12-31,86062.75,75611.16,93009.17,33955.812,83792.875,97829.09,98680.625,134144.25,87923.91,188258.06,93289.0,55710.0,0
T000417_fold0_x157,1999-06-30,1998-12-31,759594.7,834526.6,785130.9,744124.06,740559.9,826608.8,766060.75,680331.6,698618.44,817986.94,805862.0,715301.0,0
T000417_fold0_x157,1999-09-30,1998-12-31,1171934.8,1209225.8,1115064.5,1239963.8,1165450.6,1239996.8,1162547.0,1087592.5,1074240.2,1217049.5,1254538.0,1099360.0,0
T000417_fold0_x157,1999-12-31,1998-12-31,285939.44,342477.97,270647.47,234759.97,294835.94,312123.47,282591.25,284889.9,266156.4,338513.62,296448.0,266144.0,0
T000423_fold0_x158,1999-03-31,1998-12-31,4060.3223,3286.4336,8831.614,1775.2656,5235.8438,2590.5352,4528.078,-1043.3906,3600.587,12138.961,1509.0,757.0,0
T000423_fold0_x158,1999-06-30,1998-12-31,58842.402,59340.555,61514.7,55433.633,57680.055,53997.36,58204.066,54042.08,48396.707,55174.75,73818.0,49557.0,0
T000423_fold0_x158,1999-09-30,1998-12-31,84441.09,88531.03,79733.64,89890.7,85688.22,82570.55,82640.86,73287.125,76917.79,89732.53,91739.0,79102.0,0
T000423_fold0_x158,1999-12-31,1998-12-31,21520.723,21465.45,19429.01,16677.072,22143.072,20625.406,23153.535,18776.324,19921.74,25230.34,21905.0,19921.0,0
