unique_id,ds,cutoff,AutoNBEATS,AutoTiDE,AutoNLinear,AutoTFT,AutoKAN,AutoMLP,AutoDLinear,AutoNHITS,AutoDeepNPTS,AutoPatchTST,y,fold,SeasonalNaive
T000000,1986-10-31,1986-07-31,1.0562522,0.07785928,1.2879739,1.0801879,3.244402,1.7369996,1.0470575,1.4863632,1.1176395,1.0172354,3.09,0,0.72
T000000,1987-01-31,1986-07-31,1.1491205,1.4232898,4.521783,1.1200368,2.6362367,1.687509,1.17788,1.8551376,1.0975065,1.0573851,4.11,0,0.94
T000001,1990-10-31,1990-07-31,119.10658,121.43653,119.712654,119.66065,127.39158,120.69433,118.963295,120.56381,121.983696,117.41979,147.0,0,109.0
T000001,1991-01-31,1990-07-31,119.49117,121.743225,122.917984,121.26904,122.50426,124.7166,121.7511,122.4776,121.0687,119.24478,160.0,0,110.0
T000002,1988-10-31,1988-07-31,235.86938,227.3592,197.04294,255.39513,226.63216,248.01779,240.85698,152.39099,273.7555,205.29689,153.0,0,191.0
T000002,1989-01-31,1988-07-31,301.88135,253.43529,232.80005,271.2271,246.84543,256.14337,295.87344,234.2618,260.03064,232.67169,323.0,0,288.0
T000003,2003-07-31,2003-04-30,42170.74,42087.523,41465.516,42877.973,45237.152,41619.832,41636.645,42735.844,39853.66,41163.723,43695.3,0,36465.9
T000003,2003-10-31,2003-04-30,34934.445,39797.965,39935.23,45965.945,43344.777,42983.4,40378.08,44583.332,39193.164,40463.883,35105.7,0,27207.9
T000004,1987-07-31,1987-04-30,706894.25,733151.44,709621.1,720766.56,776873.9,739277.06,714470.2,735398.3,718400.9,699382.2,741918.0,0,691346.0
T000004,1987-10-31,1987-04-30,745543.0,738550.6,723576.75,728757.25,767428.7,763476.4,742252.94,763766.75,714587.94,706987.25,791015.0,0,745667.0
T000005,1987-10-31,1987-07-31,576.7126,594.34174,564.50665,600.27875,621.94727,603.8255,578.1612,567.355,608.6121,558.2357,656.69,0,521.39
T000005,1988-01-31,1987-07-31,614.83954,607.5988,597.14355,608.0536,629.73956,623.6498,614.7992,622.03125,598.51245,578.3799,701.2,0,581.11
T000006,1981-10-31,1981-07-31,31.104961,22.467163,27.997309,33.480515,30.839916,29.183622,35.151268,40.80526,21.456602,23.332705,48.2,0,49.3
T000006,1982-01-31,1981-07-31,31.649057,20.83273,24.31373,38.362644,24.097975,30.211267,34.541477,27.124043,20.510727,22.330482,42.5,0,26.7
T000007,1990-10-31,1990-07-31,164.749,168.62973,165.19063,171.12857,178.67209,171.36224,168.96484,169.55173,169.25722,167.35864,182.17,0,156.15
T000007,1991-01-31,1990-07-31,174.56389,172.04549,168.61069,172.58817,175.46265,177.03522,176.66438,175.94475,168.87657,168.11783,182.17,0,172.8
T000008,1987-07-31,1987-04-30,4588.2383,3542.522,3922.244,4183.4546,3581.3848,3282.2524,3934.6511,4373.971,3040.6216,3856.7263,4139.0,0,3203.0
T000008,1987-10-31,1987-04-30,4233.7725,2978.846,3343.6555,4764.403,3399.001,3390.3042,3834.3564,4625.4863,2629.166,3420.76,2957.0,0,2098.0
T000009,1989-10-31,1989-07-31,14438.613,13279.032,12502.98,14096.286,14717.256,14131.043,13773.227,13397.504,14929.5625,12287.061,10887.0,0,13819.0
T000009,1990-01-31,1989-07-31,15379.845,13855.794,12867.613,14480.127,14449.354,14593.243,14948.146,13948.822,14399.783,13343.728,9766.0,0,15038.0
T000010,1991-04-30,1991-01-31,158.26297,161.94582,158.69954,164.41565,171.63641,164.66571,162.31226,162.8733,162.59348,160.76791,175.0,0,150.0
T000010,1991-07-31,1991-01-31,167.6946,165.28067,162.10669,165.794,168.48076,170.1198,169.7113,169.01596,162.22748,161.49791,175.0,0,166.0
T000011,1983-10-31,1983-07-31,335.02625,317.5051,324.23535,348.8568,344.40106,321.1937,340.50446,347.26312,309.5447,322.2538,331.0,0,333.0
T000011,1984-01-31,1983-07-31,358.59988,318.07397,316.59113,355.4143,332.24008,331.7889,363.2506,345.3617,303.13718,315.46454,330.0,0,366.0
T000012,1993-10-31,1993-07-31,670.59094,650.9671,643.7603,673.8836,656.64136,601.38275,631.3519,666.5905,631.7809,640.5562,613.0,0,475.0
T000012,1994-01-31,1993-07-31,698.7553,634.10767,642.18964,707.76654,614.70856,621.221,662.53394,712.78937,627.3566,635.8684,678.0,0,512.0
T000013,1987-07-31,1987-04-30,27183.338,27892.193,27027.021,28091.9,30215.709,28743.693,27774.65,30907.418,28135.297,25922.715,28345.0,0,29154.0
T000013,1987-10-31,1987-04-30,27775.998,28056.1,27378.49,28504.398,29663.455,29683.1,28630.496,30469.96,27691.71,26807.469,29285.0,0,29058.0
T000014,1987-10-31,1987-07-31,141922.66,136852.31,132397.31,136187.7,145454.69,136762.52,134042.9,138062.62,140621.16,127055.39,136479.0,0,131782.0
T000014,1988-01-31,1987-07-31,133659.12,135922.38,133271.28,137835.89,140332.81,141234.55,135538.1,134171.25,137901.44,132479.98,135168.0,0,121252.0
T000015,1987-10-31,1987-07-31,35954.594,33018.285,31493.05,35635.31,34851.766,31841.178,31384.455,30858.258,30730.455,32920.35,28565.0,0,17254.0
T000015,1988-01-31,1987-07-31,39467.145,31142.209,32090.477,38761.52,34656.46,32885.895,33055.406,39534.16,29626.375,31750.5,36819.0,0,17976.0
T000016,1987-10-31,1987-07-31,569907.06,584961.1,567203.44,576614.0,611496.6,583467.25,569761.9,570058.1,586282.56,558101.3,615553.0,0,548596.0
T000016,1988-01-31,1987-07-31,586873.56,589942.6,577113.56,581567.7,604897.2,602558.0,586239.6,593223.06,580632.7,569370.25,615895.0,0,572670.0
T000017,1987-10-31,1987-07-31,135597.11,140516.42,138132.94,136210.98,149601.08,140462.97,135222.45,149854.27,134148.08,135804.8,132519.0,0,131388.0
T000017,1988-01-31,1987-07-31,135775.77,138140.81,137401.92,137202.61,145759.62,145061.58,135354.52,152017.86,133312.81,134919.77,144162.0,0,130712.0
T000018,1987-10-31,1987-07-31,34466.938,32633.115,30015.896,34203.734,34399.37,31945.473,30448.268,34073.277,30506.402,31331.283,33170.0,0,16380.0
T000018,1988-01-31,1987-07-31,37520.793,31718.908,32133.445,37140.242,34859.027,32991.137,33560.668,37205.594,30090.523,30890.629,35500.0,0,20976.0
T000019,1987-10-31,1987-07-31,576708.94,595436.8,564116.4,600275.9,621839.25,602545.75,578158.1,567349.44,608608.3,558232.8,656687.0,0,521386.0
T000019,1988-01-31,1987-07-31,614837.56,607366.1,593695.3,608050.75,629742.25,622256.44,614797.06,622027.4,598508.8,578376.6,701198.0,0,581109.0
T000020,1980-10-31,1980-07-31,122523.58,125829.695,122448.89,123493.37,135238.69,127562.22,122345.46,123743.836,121852.0,122350.38,122630.0,0,119101.0
T000020,1981-01-31,1980-07-31,120136.02,124568.67,121477.805,124645.195,131857.28,131730.25,122128.99,124518.32,121600.734,122084.15,123516.0,0,116187.0
T000021,1989-10-31,1989-07-31,151526.44,159471.17,155431.3,154615.4,163686.27,156923.38,153853.56,157584.33,154353.58,153619.7,152062.0,0,144997.0
T000021,1990-01-31,1989-07-31,155781.22,159200.75,157509.88,155662.36,162124.72,162053.02,157517.81,162428.81,154206.45,153913.16,147907.0,0,152431.0
T000022,2005-01-31,2004-10-31,341.30457,348.6963,337.26862,340.60797,385.89688,367.9244,341.43234,347.76407,340.29807,339.7504,337.02,0,334.23
T000022,2005-04-30,2004-10-31,330.78415,349.78946,342.32068,342.43256,386.29556,380.022,340.7068,368.56882,340.18826,339.9694,334.03,0,322.87
T000023,1989-07-31,1989-04-30,1012.91656,996.43475,893.4995,1161.612,1039.2743,1089.3954,1101.1956,997.6747,1193.6797,824.00323,931.0,0,1185.0
T000023,1989-10-31,1989-04-30,1232.3926,1086.9955,1001.2318,1231.1284,1059.887,1124.8456,1317.8402,1017.855,1119.5656,971.8272,1082.0,0,1427.0
T000024,1989-07-31,1989-04-30,1143.4036,1193.4811,1136.0688,1324.2401,1309.8229,1249.4836,1281.0286,1195.9758,1310.6644,1048.6962,1376.0,0,1401.0
T000024,1989-10-31,1989-04-30,1293.8365,1238.0918,1173.4191,1380.8977,1245.53,1290.3033,1438.4775,1143.8191,1258.1439,1153.4504,1295.0,0,1537.0
T000025,1989-07-31,1989-04-30,1143.4036,1193.4811,1136.0688,1324.2401,1309.8229,1249.4836,1281.0286,1195.9758,1310.6644,1048.6962,1376.0,0,1401.0
T000025,1989-10-31,1989-04-30,1293.8365,1238.0918,1173.4191,1380.8977,1245.53,1290.3033,1438.4775,1143.8191,1258.1439,1153.4504,1295.0,0,1537.0
T000026,1985-10-31,1985-07-31,289.60498,265.6656,273.61115,299.01617,282.30637,268.11017,292.0893,284.6373,257.39664,270.6504,297.9,0,298.49
T000026,1986-01-31,1985-07-31,297.1968,264.57245,263.1293,305.6701,271.65414,276.94415,307.5824,269.01566,250.71448,263.57016,258.2,0,305.65
T000027,1983-04-30,1983-01-31,8.47257,5.3528895,8.077368,9.292156,8.813976,8.413809,9.064644,10.292945,5.7776623,6.534155,12.7,0,12.0
T000027,1983-07-31,1983-01-31,8.463579,5.643769,9.531489,9.932944,7.280046,8.760618,8.455562,7.1009264,5.396262,6.1300335,4.8,0,5.3
T000028,1986-04-30,1986-01-31,84885.41,79374.016,81033.06,86942.42,84237.93,80073.805,85845.586,87368.125,77688.93,85412.72,75393.0,0,74714.0
T000028,1986-07-31,1986-01-31,89469.79,76977.164,74931.34,91312.9,78165.44,82691.36,89786.96,94127.72,73794.82,81286.64,76521.0,0,80396.0
T000029,1986-04-30,1986-01-31,841.4054,996.7717,917.9604,1023.24915,1013.7075,999.4683,993.1256,1013.03375,940.398,982.459,791.0,0,595.0
T000029,1986-07-31,1986-01-31,1198.5178,1019.9219,1006.92834,1076.9231,1056.518,1032.19,1203.664,1171.6057,919.1921,959.98987,945.0,0,1088.0
T000030,1995-04-30,1995-01-31,382.20093,363.14957,368.1081,432.9652,372.3132,351.7838,388.63983,319.88614,346.69806,402.98114,389.0,0,250.0
T000030,1995-07-31,1995-01-31,464.643,348.46643,350.24493,469.69305,367.50366,363.3938,426.87753,413.8606,318.3218,372.9145,356.0,0,333.0
T000031,1985-10-31,1985-07-31,483.8214,454.21957,464.28394,490.39948,494.44473,462.6915,485.54013,483.20877,441.63947,460.66373,467.76,0,492.06
T000031,1986-01-31,1985-07-31,490.96524,450.76837,447.5131,498.1212,478.60034,477.90793,501.98532,471.13898,432.04797,450.5009,447.23,0,493.8
T000032,1986-04-30,1986-01-31,97935.73,71172.31,69141.875,91690.78,81501.766,88076.37,93074.336,56349.41,89015.33,67771.25,124193.0,0,119795.0
T000032,1986-07-31,1986-01-31,75183.95,75241.734,64839.12,97510.24,80362.17,90942.37,91109.57,57106.68,84756.234,76266.2,95087.0,0,71246.0
T000033,1987-07-31,1987-04-30,884.00256,906.83734,880.76587,892.9318,982.69653,938.3576,895.1074,894.2869,891.325,870.33105,882.0,0,922.0
T000033,1987-10-31,1987-04-30,880.7426,906.8263,880.84644,898.9325,963.2057,969.0573,897.2487,884.6178,887.1161,878.726,870.0,0,890.0
T000034,1987-07-31,1987-04-30,470.2566,453.6551,459.10312,490.17743,370.64633,466.49316,449.45038,505.27115,400.48743,467.9666,839.0,0,312.0
T000034,1987-10-31,1987-04-30,459.85046,401.89377,420.92612,537.1283,423.38425,481.7333,444.11975,605.9958,366.46646,431.91895,1650.0,0,244.0
T000035,1924-01-31,1923-10-31,24794.654,24651.605,24004.357,24647.592,25394.957,24090.281,23939.16,23331.77,23926.307,24155.676,23087.0,0,20843.0
T000035,1924-04-30,1923-10-31,25676.893,24526.188,24210.768,25348.662,24986.834,24878.947,24791.205,25051.566,23810.666,24033.146,25394.0,0,22523.0
T000036,1923-01-31,1922-10-31,314.4945,315.1154,322.17105,311.21643,338.91116,312.262,314.72903,388.39056,301.5149,305.75128,285.0,0,321.0
T000036,1923-04-30,1922-10-31,306.68423,303.9816,312.98767,315.2689,323.31497,322.56442,308.12396,374.31622,299.37906,303.4882,446.0,0,278.0
T000037,1987-10-31,1987-07-31,37784.13,36341.816,36489.613,38428.57,36126.25,30452.16,35980.47,39920.156,35032.316,35193.6,42445.0,0,19634.0
T000037,1988-01-31,1987-07-31,31170.242,32763.76,34269.6,42815.97,29549.22,31462.441,36832.625,42555.023,34951.004,35107.44,43095.0,0,10334.0
T000038,1987-10-31,1987-07-31,7083.673,6064.145,6343.3516,8083.976,7435.173,7427.5103,8345.697,6081.8906,5932.6665,6050.982,5339.0,0,11081.0
T000038,1988-01-31,1987-07-31,7332.4146,6058.49,5561.9473,8858.72,7070.791,7669.437,8486.641,5363.743,5873.015,5987.7773,6067.0,0,7666.0
T000039,1987-10-31,1987-07-31,196534.52,197795.1,196288.95,202152.6,209369.42,192482.19,195168.12,204425.4,191460.1,195182.05,209704.0,0,178926.0
T000039,1988-01-31,1987-07-31,181593.11,191126.9,188730.14,207862.98,195879.42,198787.19,192963.33,207345.4,189583.61,193193.77,182489.0,0,160058.0
T000040,1987-10-31,1987-07-31,22834.078,21204.473,20882.342,21771.621,18876.812,18820.488,19640.635,19678.809,19221.48,20637.031,17003.0,0,11759.0
T000040,1988-01-31,1987-07-31,25257.348,20204.422,21965.514,23514.285,19861.617,19440.992,20889.975,24436.926,18507.803,19880.838,13711.0,0,13664.0
T000041,1914-01-31,1913-10-31,13406.51,12856.031,12225.379,13641.619,12963.824,14198.6,12381.319,15382.353,12101.919,12860.53,10673.0,0,8095.0
T000041,1914-04-30,1913-10-31,14155.106,12183.859,12134.048,14695.851,13238.614,14657.756,12747.111,17659.037,11719.45,12455.277,10408.0,0,7817.0
T000042,1990-10-31,1990-07-31,2505.7024,2352.2188,2382.4138,2384.7576,2551.037,2358.187,2418.6458,2442.4092,2285.0874,2381.0107,2038.0,0,2390.0
T000042,1991-01-31,1990-07-31,2447.2551,2289.6597,2255.3396,2423.1404,2424.065,2435.5168,2401.064,2329.3748,2236.7258,2329.7683,1812.0,0,2205.0
T000043,1990-10-31,1990-07-31,127.56922,124.44863,123.267395,130.72008,138.37666,134.63547,131.08055,124.80885,122.75107,123.053665,117.0,0,139.0
T000043,1991-01-31,1990-07-31,128.34253,126.78463,124.0629,132.88373,135.99088,139.10498,134.00562,121.583694,122.5985,122.89201,110.0,0,135.0
T000044,1980-10-31,1980-07-31,94.91492,88.858284,89.54408,94.66785,90.43714,86.06907,88.8833,81.05446,87.265976,91.80493,76.0,0,67.0
T000044,1981-01-31,1980-07-31,101.36594,88.08245,91.50028,99.3464,88.06271,88.9619,93.26615,91.97814,84.97757,89.3802,89.0,0,76.0
T000045,1980-10-31,1980-07-31,2.1280854,1.1063287,2.5505805,2.2238271,1.8087463,2.3504868,2.1394486,2.2307978,2.1251493,2.167513,2.25,0,1.86
T000045,1981-01-31,1980-07-31,2.2332516,2.407936,5.607361,2.2749152,2.1492548,2.473833,2.2188318,2.3218315,2.103792,2.144882,2.27,0,2.04
T000046,1990-10-31,1990-07-31,103.09182,100.46918,100.86978,103.78632,106.47846,103.36295,104.02347,106.17957,97.76384,101.6976,93.0,0,98.0
T000046,1991-01-31,1990-07-31,110.42083,101.28422,102.412575,105.72506,104.4123,106.81499,109.423386,104.43397,95.780556,99.59617,108.0,0,108.0
T000047,1973-10-31,1973-07-31,128.28435,122.51315,126.18183,131.15952,129.75139,122.18836,129.55763,126.460304,118.5362,128.82451,128.0,0,114.0
T000047,1974-01-31,1973-07-31,135.96187,120.34292,122.7704,136.34988,124.39944,126.2682,135.69662,127.20915,113.34915,123.32845,130.0,0,124.0
T000048,1973-10-31,1973-07-31,114.89109,130.4343,122.96695,135.35551,132.32106,130.87967,131.50076,111.72865,129.00426,130.21465,126.0,0,90.0
T000048,1974-01-31,1973-07-31,145.07462,135.84145,133.8887,140.29799,134.14032,135.23228,152.3013,138.16614,128.39401,129.56805,148.0,0,137.0
T000049,1973-10-31,1973-07-31,25.008783,21.767921,24.302269,24.805294,25.700026,23.575562,24.686287,24.321453,22.008091,24.30783,24.4,0,22.6
T000049,1974-01-31,1973-07-31,25.195873,22.0476,25.313017,25.951172,24.271046,24.421432,25.139977,23.678667,20.848633,23.0793,22.2,0,21.8
T000050,1973-10-31,1973-07-31,160.76633,165.86598,158.1062,180.9037,184.00058,185.58798,177.63435,158.7584,179.51198,154.86688,197.0,0,196.0
T000050,1974-01-31,1973-07-31,169.36491,173.83937,164.90521,186.03424,185.87173,191.70241,187.55667,158.80554,174.57103,164.72182,154.0,0,193.0
T000051,1978-10-31,1978-07-31,22.290707,22.490898,22.464527,23.22591,26.061827,26.727285,22.971403,22.898306,22.751064,23.053661,17.0,0,21.0
T000051,1979-01-31,1978-07-31,23.777199,24.098598,26.406828,23.47259,27.956078,27.670334,23.806435,24.24839,22.598505,22.892014,19.0,0,23.0
T000052,1978-10-31,1978-07-31,40.72922,39.765484,39.926018,41.012653,42.312157,43.125336,40.758583,39.86086,41.59348,39.767918,32.0,0,40.0
T000052,1979-01-31,1978-07-31,42.150043,42.0103,43.67309,41.31302,43.927742,44.60645,41.99636,41.51579,41.227478,40.497913,39.0,0,42.0
T000053,1978-10-31,1978-07-31,72.1997,70.92972,69.91893,73.53899,72.96205,76.14185,73.11412,64.761,71.2532,72.16099,61.0,0,70.0
T000053,1979-01-31,1978-07-31,77.00001,73.98333,73.97708,74.18661,75.21069,78.697876,75.93665,67.36664,70.79552,71.67604,72.0,0,76.0
T000054,1978-10-31,1978-07-31,133.63258,131.87923,131.93466,140.27286,131.47874,127.60915,132.20238,112.23759,129.02556,136.28789,107.0,0,102.0
T000054,1979-01-31,1978-07-31,144.11172,131.18245,134.03177,146.82152,130.7277,131.86372,138.93677,127.88877,125.364105,132.40833,117.0,0,117.0
T000055,1987-10-31,1987-07-31,946.20905,938.8429,937.45013,952.1414,1030.6658,949.2974,948.5569,1013.17566,922.54047,934.0392,880.0,0,949.0
T000055,1988-01-31,1987-07-31,953.58777,929.01306,903.85583,956.8399,967.75665,980.4449,960.90607,973.8682,916.74316,927.8965,971.0,0,958.0
T000056,1993-04-30,1993-01-31,109.76032,111.69662,108.23215,111.320076,117.382675,113.171295,109.537605,108.28284,114.51294,106.93686,108.7,0,98.4
T000056,1993-07-31,1993-01-31,111.654526,113.583015,113.74013,112.919,115.387474,116.94269,114.18413,114.16866,112.99406,109.96634,109.5,0,103.5
T000057,1987-10-31,1987-07-31,4335.067,4448.4883,4314.8887,4386.083,4651.422,4439.483,4333.963,4336.218,4459.6265,4245.269,4682.28,0,4172.96
T000057,1988-01-31,1987-07-31,4464.122,4487.6987,4393.3076,4423.762,4601.2217,4584.812,4459.301,4512.4243,4416.651,4330.985,4684.88,0,4356.08
T000058,1987-04-30,1987-01-31,926.9825,937.78955,924.68854,943.513,984.6868,913.7933,926.24036,915.0064,904.68805,916.214,902.27,0,816.57
T000058,1987-07-31,1987-01-31,796.9902,904.39197,902.45966,986.9753,936.2627,943.79846,913.63007,944.38513,898.877,910.05676,766.57,0,673.73
T000059,1989-01-31,1988-10-31,151526.44,159471.17,155431.3,154615.4,163686.27,156923.38,153853.56,157584.33,154353.58,153619.7,152062.0,0,144997.0
T000059,1989-04-30,1988-10-31,155781.22,159200.75,157509.88,155662.36,162124.72,162053.02,157517.81,162428.81,154206.45,153913.16,147916.0,0,152431.0
T000060,1990-10-31,1990-07-31,441.15125,398.02896,402.39948,432.72525,383.7002,343.8327,387.56213,429.59933,387.29153,399.0928,415.0,0,233.0
T000060,1991-01-31,1990-07-31,480.93677,383.51117,400.21237,463.77417,347.5983,355.27737,422.89722,481.294,381.34167,392.7885,419.0,0,292.0
T000061,1990-10-31,1990-07-31,108.76901,110.21288,108.10486,108.4514,119.903984,116.54568,108.480515,108.985344,107.2532,108.16099,113.0,0,108.0
T000061,1991-01-31,1990-07-31,108.01731,110.91847,111.104416,109.16334,119.51566,120.42198,107.98813,110.68599,106.79552,107.67604,115.0,0,105.0
T000062,1990-10-31,1990-07-31,99.07576,99.717,97.613754,102.24651,106.54252,104.32351,101.187836,100.95266,102.57718,96.18771,97.0,0,103.0
T000062,1991-01-31,1990-07-31,102.90829,102.64511,101.22157,103.48845,104.64041,107.80177,104.95981,98.84687,101.29619,98.74269,96.0,0,107.0
T000063,1988-10-31,1988-07-31,16.904266,15.978167,16.915602,16.81504,18.940979,19.126669,16.818314,17.020271,16.500427,16.621466,16.6,0,17.0
T000063,1989-01-31,1988-07-31,16.849737,17.269348,19.92522,16.868431,18.478447,19.823212,16.81328,17.35421,16.439404,16.556807,16.4,0,16.6
T000064,1989-10-31,1989-07-31,117.25754,119.434845,116.69803,117.48237,129.98544,125.32158,116.64251,119.29788,116.00426,117.214645,122.0,0,113.0
T000064,1990-01-31,1989-07-31,118.01301,120.08325,120.11599,118.21814,129.0788,129.48622,116.92029,121.95474,115.39402,116.568054,123.0,0,113.0
T000065,1980-10-31,1980-07-31,169.14935,172.13109,168.37302,169.18172,185.207,177.3599,167.68192,168.96425,166.95575,168.58978,172.0,0,161.6
T000065,1981-01-31,1980-07-31,170.90733,172.42348,171.60622,170.51173,182.8206,183.22774,168.68207,171.16364,166.13193,167.71687,174.2,0,163.5
T000066,1980-10-31,1980-07-31,79.747986,80.25699,78.99448,79.49056,86.96182,84.400024,78.633766,79.485794,78.2532,79.16099,83.3,0,75.1
T000066,1981-01-31,1980-07-31,80.752815,81.039185,82.34571,80.18541,86.52054,87.22907,79.10486,81.795494,77.79552,78.67604,83.9,0,75.8
T000067,1980-10-31,1980-07-31,200.53094,197.42578,195.8014,198.8994,205.03044,193.50308,192.75647,200.15648,192.08533,195.02052,200.0,0,172.0
T000067,1981-01-31,1980-07-31,206.74036,196.2827,197.69934,202.92613,198.11409,199.91707,197.31886,207.22429,190.6055,193.45253,209.2,0,180.9
T000068,1981-10-31,1981-07-31,28.858164,28.248451,28.02217,29.21318,31.535301,31.083918,28.601074,27.508156,30.597775,27.174845,28.55,0,27.03
T000068,1982-01-31,1981-07-31,29.488483,29.898998,31.88319,29.737581,30.252024,32.170994,29.761208,29.057428,29.911528,28.543585,27.41,0,27.46
T000069,1981-10-31,1981-07-31,84.543976,81.23548,82.379234,85.83199,82.54808,76.81052,80.34279,89.84949,77.62846,83.5866,69.76,0,58.43
T000069,1982-01-31,1981-07-31,91.10059,78.40583,82.156815,90.63306,75.846794,79.405685,84.20536,94.16628,74.62455,80.40374,65.95,0,66.16
T000070,1981-10-31,1981-07-31,97.0287,93.25447,90.25881,94.63237,104.88396,102.193275,94.14751,91.63193,95.9349,88.90649,90.6,0,98.5
T000070,1982-01-31,1981-07-31,95.6834,95.93219,95.00393,95.78757,105.8797,105.59859,95.46939,92.83071,94.52581,91.716965,91.9,0,94.6
T000071,1989-04-30,1989-01-31,164.14702,166.21565,162.5438,166.24802,180.786,174.5655,166.41718,162.67273,163.59348,161.76791,163.0,0,170.0
T000071,1989-07-31,1989-01-31,165.79219,168.63237,165.77982,167.55403,178.55003,180.33812,169.08052,162.49991,163.22748,162.49791,163.0,0,171.0
T000072,1979-10-31,1979-07-31,134.70943,135.75401,134.02477,134.42346,144.89728,138.18756,132.69807,134.88084,132.66418,133.14532,134.56,0,127.21
T000072,1980-01-31,1979-07-31,136.17271,136.36607,136.87311,135.4542,141.75172,142.78087,133.90591,137.47298,132.42162,132.8883,136.35,0,129.22
T000073,1979-10-31,1979-07-31,133.72157,134.99059,133.24739,133.62567,144.29189,137.53769,131.95915,134.16826,131.9266,132.3805,134.0,0,126.7
T000073,1980-01-31,1979-07-31,135.02014,135.57047,136.0252,134.64801,141.03816,142.1096,133.03308,136.57156,131.69775,132.13802,135.6,0,128.3
T000074,1979-10-31,1979-07-31,139.92361,141.36578,139.49014,139.81987,150.77153,143.99298,138.23868,139.97295,138.17682,138.69124,140.6,0,132.6
T000074,1980-01-31,1979-07-31,141.56409,142.20018,142.55826,140.93916,148.03241,148.77702,139.73758,143.3488,137.91747,138.41643,142.9,0,135.6
T000075,1979-10-31,1979-07-31,137.5208,138.43279,136.57123,137.22401,147.74245,140.86505,135.30698,137.521,135.27681,135.79123,137.2,0,129.2
T000075,1980-01-31,1979-07-31,139.18411,139.05399,139.48672,138.31183,144.5612,145.54613,136.73074,140.40742,135.01746,135.51642,139.8,0,131.7
T000076,1979-10-31,1979-07-31,1388.5259,1387.4775,1360.2966,1382.1752,1452.2145,1363.4406,1346.4012,1387.0134,1345.7101,1355.6655,1379.9,0,1232.5
T000076,1980-01-31,1979-07-31,1419.2589,1374.524,1357.0358,1403.4548,1403.5631,1408.162,1371.8817,1423.8749,1340.6908,1350.3473,1402.1,0,1275.7
T000077,1987-10-31,1987-07-31,11382.745,11689.896,11385.071,11406.64,12532.921,11880.077,11384.136,11383.565,11348.051,11362.576,11276.0,0,11216.0
T000077,1988-01-31,1987-07-31,11155.618,11637.3545,11344.15,11469.934,12309.671,12268.503,11362.106,11478.501,11340.729,11354.816,11656.0,0,10972.0
T000078,1987-10-31,1987-07-31,12952.704,13208.735,12927.456,12996.372,13894.491,13143.503,12838.615,13001.284,12804.357,12906.03,12892.0,0,12288.0
T000078,1988-01-31,1987-07-31,13119.51,13128.996,12865.394,13102.967,13541.46,13573.506,12966.076,13086.552,12753.098,12851.717,13156.0,0,12564.0
T000079,1987-10-31,1987-07-31,88237.23,89565.27,87500.586,88034.22,94844.1,89587.79,86981.67,88464.74,86952.11,87268.02,89308.0,0,83620.0
T000079,1988-01-31,1987-07-31,89143.71,89140.12,87198.914,88681.77,92585.04,92519.195,87698.805,89989.33,86792.836,87099.266,91828.0,0,84796.0
T000080,1987-10-31,1987-07-31,29064.922,29470.58,28752.629,28968.713,31088.023,29366.709,28617.174,29107.646,28630.273,28707.738,29031.0,0,26994.0
T000080,1988-01-31,1987-07-31,29414.143,29330.916,28732.334,29383.486,30376.963,30327.752,28998.773,29792.4,28591.217,28666.355,29782.0,0,27581.0
T000081,1987-10-31,1987-07-31,9001.923,9155.353,8889.754,9037.254,9652.383,9161.638,8938.503,8667.671,8939.103,8968.151,9524.0,0,8320.0
T000081,1988-01-31,1987-07-31,9194.963,9160.513,8903.072,9154.509,9445.708,9461.422,9134.021,9018.558,8924.456,8952.633,9988.0,0,8717.0
T000082,1987-10-31,1987-07-31,74297.94,75166.9,73768.29,74122.414,78241.83,73408.234,73155.96,75600.87,73218.94,73413.51,76025.0,0,66974.0
T000082,1988-01-31,1987-07-31,75942.39,74790.13,73661.6,75293.51,75797.48,75813.914,75003.26,78446.53,73120.836,73309.56,77726.0,0,70459.0
T000083,1987-10-31,1987-07-31,16514.2,16869.35,16587.652,16478.836,17677.846,16666.828,16382.862,16782.016,16394.27,16400.02,16738.0,0,15780.0
T000083,1988-01-31,1987-07-31,16638.309,16798.787,16560.229,16587.213,17266.566,17212.75,16548.863,17189.395,16391.371,16396.95,16475.0,0,16049.0
T000084,1980-10-31,1980-07-31,200.46957,207.37001,201.59909,203.47551,215.00562,206.42027,201.48413,200.86708,204.18695,200.53583,198.0,0,178.0
T000084,1981-01-31,1980-07-31,208.5759,208.99786,209.21786,206.30513,213.1102,213.24556,210.5952,214.89792,203.45496,201.99582,213.0,0,195.0
T000085,1987-10-31,1987-07-31,156.11328,155.5147,155.96104,156.57208,167.88591,158.76738,157.26892,164.26634,149.7681,154.91226,150.0,0,152.0
T000085,1988-01-31,1987-07-31,160.72844,154.32344,155.80333,158.62659,162.66325,164.03613,161.50563,159.79155,147.17458,152.16423,153.0,0,158.0
T000086,1982-10-31,1982-07-31,436.39566,412.93906,443.9573,459.65747,395.58246,343.28525,416.04767,451.11786,393.90863,438.9956,435.0,0,249.0
T000086,1983-01-31,1982-07-31,448.5456,374.14505,412.42798,502.63135,349.34494,354.7443,422.3592,480.20282,371.17712,414.90997,443.0,0,218.0
T000087,1987-10-31,1987-07-31,39769.977,40854.83,39926.223,39906.42,43641.062,41338.43,39736.098,40138.887,39556.75,39769.777,40216.0,0,39300.0
T000087,1988-01-31,1987-07-31,39599.43,40594.77,39681.25,40080.91,42769.285,42689.945,39659.074,40134.977,39449.348,39655.977,40196.0,0,38800.0
T000088,1973-10-31,1973-07-31,129.01001,125.64566,127.10281,133.28279,134.02328,126.78036,129.59473,122.51687,122.52768,130.3952,131.0,0,114.0
T000088,1974-01-31,1973-07-31,137.6936,124.67763,125.88631,139.1293,130.05008,131.00644,134.65594,127.294624,118.56111,126.192345,134.0,0,124.0
T000089,1988-10-31,1988-07-31,18.274439,17.443018,18.409338,18.37938,19.239782,19.867033,18.195524,17.094652,18.175108,18.205366,16.8,0,17.2
T000089,1989-01-31,1988-07-31,18.187193,18.78039,21.462835,18.71718,18.440971,20.588375,18.308311,17.796473,18.159853,18.189201,16.0,0,17.0
T000090,1989-10-31,1989-07-31,18.882065,18.197456,19.37089,18.961811,21.840504,20.645277,18.967308,20.01924,18.550213,18.610733,18.2,0,19.2
T000090,1990-01-31,1989-07-31,18.968172,19.429394,22.336378,19.100626,21.708447,21.392998,19.194126,19.389265,18.519703,18.578403,16.6,0,19.3
T000091,1981-10-31,1981-07-31,6.743184,5.017401,5.9989786,7.3767962,8.660141,8.169928,7.3177876,8.845574,6.33576,5.1491466,6.6,0,8.2
T000091,1982-01-31,1981-07-31,8.417698,6.8191385,9.469792,8.025053,8.463228,8.50857,9.1478195,8.849323,6.0978594,5.623643,10.9,0,10.4
T000092,1981-10-31,1981-07-31,50.749332,47.155056,50.2886,50.107628,52.15783,48.04023,49.434788,61.310112,47.173153,45.256313,58.2,0,52.9
T000092,1982-01-31,1981-07-31,43.964375,45.936157,50.36004,51.12317,48.060577,49.692722,47.850384,53.693874,46.788853,46.022808,63.8,0,39.3
T000093,1981-10-31,1981-07-31,218.6446,189.68065,191.36484,210.8722,200.49013,202.22853,214.14267,170.77275,200.64133,184.21126,107.7,0,247.1
T000093,1982-01-31,1981-07-31,193.31213,191.46182,183.50485,221.09442,187.66852,208.91959,208.5435,159.4645,197.34735,190.78122,77.2,0,176.7
T000094,1981-10-31,1981-07-31,43.06839,41.21889,42.371616,43.76343,46.695118,44.589806,43.496742,45.838516,39.628727,40.687817,55.0,0,44.9
T000094,1982-01-31,1981-07-31,43.885414,41.722034,44.284233,44.841526,44.39941,46.1221,45.40227,46.643906,39.094765,40.122047,54.1,0,45.8
T000095,1981-10-31,1981-07-31,67.959335,65.31134,67.5595,66.99683,71.33149,67.15255,67.13551,75.98954,63.105965,64.80051,80.0,0,68.9
T000095,1982-01-31,1981-07-31,67.61553,64.70614,67.7848,67.56757,67.15152,69.42781,67.43228,70.185486,62.251625,63.895275,76.7,0,65.2
T000096,1981-10-31,1981-07-31,432.344,435.0599,408.30127,422.89514,470.7462,455.55624,416.1837,445.7148,442.9491,383.89212,488.3,0,416.6
T000096,1982-01-31,1981-07-31,451.6671,440.43204,439.0829,431.2672,475.1955,470.49823,441.10645,458.98538,431.1091,407.50745,437.5,0,440.8
T000097,1981-10-31,1981-07-31,1172.7051,1214.0945,1167.625,1194.6154,1276.2898,1213.8732,1170.6847,1221.9741,1221.1246,1143.9945,1411.4,0,1051.0
T000097,1982-01-31,1981-07-31,1212.86,1219.3895,1208.474,1207.6727,1263.6484,1253.7177,1227.277,1318.3748,1205.6613,1174.8368,1310.1,0,1132.7
T000098,1981-10-31,1981-07-31,408.15604,414.04166,389.17825,411.55008,452.53604,433.99612,404.92456,445.8673,431.6158,380.04367,534.6,0,386.1
T000098,1982-01-31,1981-07-31,436.78125,423.4182,410.48862,418.09775,449.81726,448.25754,432.62842,480.71512,421.27643,400.66602,529.5,0,425.1
T000099,1991-10-31,1991-07-31,61.609234,61.863926,60.606285,61.347267,68.95423,66.868385,60.820694,63.055805,60.726173,61.05903,63.0,0,58.9
T000099,1992-01-31,1991-07-31,62.202293,63.10713,64.15906,61.768276,68.136406,69.12349,61.137535,64.30309,60.558357,60.881214,65.0,0,59.4
T000100,1983-07-31,1983-04-30,1007.63525,936.1973,1045.9962,1087.4436,889.3154,742.65216,974.2562,1104.6832,871.19116,1039.1931,826.7,0,532.7
T000100,1983-10-31,1983-04-30,990.3091,799.18274,907.5472,1198.2617,740.0969,767.4252,973.5082,1113.1989,786.4896,949.4458,359.4,0,392.6
T000101,1996-10-31,1996-07-31,171.70122,171.13786,170.43304,170.24619,179.6864,169.8465,167.31305,172.93175,166.8064,168.62198,171.1,0,156.7
T000101,1997-01-31,1996-07-31,174.98807,170.5416,172.0554,172.54507,174.36896,175.48332,169.13272,177.29506,165.89104,167.65208,172.8,0,159.7
T000102,1987-10-31,1987-07-31,17326.025,17785.094,17404.635,17333.3,18960.324,17865.574,17320.375,17698.795,17344.684,17311.822,17852.0,0,17164.0
T000102,1988-01-31,1987-07-31,17367.367,17746.83,17266.236,17353.295,18394.566,18450.266,17378.516,17759.986,17338.094,17324.963,18016.0,0,17264.0
T000103,1981-10-31,1981-07-31,219.81346,219.63914,219.4724,220.90555,234.33409,221.17049,220.51292,222.53357,213.77235,220.1269,209.0,0,209.0
T000103,1982-01-31,1981-07-31,227.93951,218.86542,218.25925,223.90524,227.1557,228.48792,225.62424,226.6749,210.56859,216.73228,218.0,0,219.0
T000104,1987-10-31,1987-07-31,635.2417,651.9979,652.21014,657.0658,672.85547,631.3963,648.11066,677.67114,630.8192,650.48804,590.0,0,585.0
T000104,1988-01-31,1987-07-31,691.73987,646.52716,647.04175,670.7485,650.27216,652.1797,675.244,700.7514,620.9028,639.98083,565.0,0,649.0
T000105,1987-10-31,1987-07-31,192.31012,197.51796,193.17451,196.634,212.30457,202.7577,196.03778,190.6091,192.75958,195.48296,203.0,0,184.0
T000105,1988-01-31,1987-07-31,204.94283,199.3875,196.45805,198.53072,208.60402,209.46323,202.88939,199.08376,191.38654,194.02812,199.0,0,200.0
T000106,1983-10-31,1983-07-31,167.1674,194.2375,193.08005,217.17227,178.63838,173.21658,195.56302,202.38815,178.16327,203.24857,154.7,0,96.0
T000106,1984-01-31,1983-07-31,242.84067,188.84741,200.32155,243.45505,178.43135,178.98381,232.30301,230.16965,165.516,189.8479,187.0,0,184.8
T000107,1987-10-31,1987-07-31,121.0101,121.19945,117.511604,130.99254,135.54889,135.18828,130.4479,119.431145,124.9674,115.839584,125.0,0,142.0
T000107,1988-01-31,1987-07-31,126.58466,126.29667,121.99892,134.7875,136.75598,139.66765,138.27449,118.637924,123.13741,119.48956,134.0,0,144.0
T000108,1988-10-31,1988-07-31,7692.0015,7185.255,7284.429,7558.0605,7039.449,6404.4526,7051.9854,7376.658,6894.2627,7324.2534,7046.0,0,5098.0
T000108,1989-01-31,1988-07-31,8267.01,6876.885,7067.382,7973.3545,6580.213,6615.262,7394.212,7862.992,6677.4746,7094.551,7872.0,0,5746.0
T000109,1988-10-31,1988-07-31,26185.262,26261.395,27109.76,25690.566,25474.975,22111.072,24263.615,27596.055,23933.273,24934.566,24642.0,0,18965.0
T000109,1989-01-31,1988-07-31,27710.146,24154.385,26225.488,26912.791,22072.438,22842.16,24909.885,28048.898,23428.451,24399.672,27374.0,0,19528.0
T000110,1988-07-31,1988-04-30,117.54742,91.39529,80.350235,103.648445,107.90651,108.058334,99.24307,84.88246,118.24352,74.430016,92.0,0,108.0
T000110,1988-10-31,1988-04-30,121.74547,100.34428,92.49363,109.48674,109.11159,111.64122,111.985405,92.60478,109.45961,91.94988,91.0,0,108.0
T000111,1988-07-31,1988-04-30,3779.81,3642.9072,3550.8755,3603.3362,3895.9302,3635.4204,3567.3577,3919.373,3718.8264,3390.225,3581.0,0,3558.0
T000111,1988-10-31,1988-04-30,3556.9136,3611.86,3552.6929,3663.0205,3729.949,3754.5366,3597.7417,3841.8691,3652.947,3521.6243,3495.0,0,3291.0
T000112,1987-10-31,1987-07-31,416.8784,432.64545,414.94702,451.69458,475.05872,466.83096,447.36346,417.38815,443.68265,410.8225,431.0,0,475.0
T000112,1988-01-31,1987-07-31,433.30548,444.978,424.29056,460.47952,476.1544,482.12958,466.62073,420.69357,437.0947,423.9624,439.0,0,480.0
T000113,1986-10-31,1986-07-31,385.6706,352.94608,354.4521,376.17816,342.9003,317.6572,344.7301,338.24524,341.62537,355.9382,297.6,0,239.7
T000113,1987-01-31,1986-07-31,415.87955,342.07175,354.44626,397.73907,329.42148,328.1727,362.4708,378.89575,334.40924,348.29224,334.1,0,264.4
T000114,1988-04-30,1988-01-31,10998.478,11315.99,10895.253,11152.84,11827.0625,11357.75,10982.6,11107.355,11413.188,10682.051,11628.0,0,10472.0
T000114,1988-07-31,1988-01-31,11391.627,11420.569,11203.824,11278.626,11811.988,11729.032,11380.573,11584.269,11266.607,10974.414,11221.0,0,11017.0
T000115,1987-10-31,1987-07-31,155.12898,166.11696,161.33049,165.3141,171.7623,168.49368,163.63193,147.84477,162.75533,164.26831,153.0,0,142.0
T000115,1988-01-31,1987-07-31,168.03143,168.62401,168.25557,168.37106,173.82962,174.07127,172.40373,168.5319,161.99252,163.46007,170.0,0,162.0
T000116,1990-10-31,1990-07-31,680.9457,685.9852,664.4727,675.4774,739.9003,706.4261,672.7952,668.77747,681.8437,660.4846,649.7,0,675.8
T000116,1991-01-31,1990-07-31,685.6686,691.214,670.9091,678.44,728.92145,729.57904,680.8031,672.01044,677.5615,669.0256,657.4,0,681.1
T000117,1990-10-31,1990-07-31,429.97223,441.17203,430.66412,430.15765,474.3809,450.58627,429.9257,432.09598,430.95444,429.40274,432.4,0,427.3
T000117,1991-01-31,1990-07-31,430.18607,442.25467,432.8397,430.5729,465.7075,465.387,430.8645,434.4776,430.64334,430.02322,439.0,0,428.1
T000118,1990-10-31,1990-07-31,196.57137,198.1815,193.36525,195.5085,216.47343,205.99176,194.90497,193.89587,196.08533,191.97781,186.3,0,196.7
T000118,1991-01-31,1990-07-31,197.13782,200.2055,197.00606,196.15753,213.33795,212.79349,196.38693,194.15483,195.26184,193.6203,187.4,0,196.9
T000119,1990-10-31,1990-07-31,116.69674,117.108604,113.74813,117.18445,128.27695,124.404724,116.484566,113.50327,117.983696,113.41979,105.0,0,117.0
T000119,1991-01-31,1990-07-31,119.10432,119.90145,118.35157,117.96736,128.56006,128.53836,119.01338,115.39474,117.0687,115.24478,106.0,0,120.0
T000120,1995-10-31,1995-07-31,295.09802,301.04938,294.58984,294.81387,319.785,302.12338,293.4748,299.87875,296.565,292.3662,287.2,0,276.7
T000120,1996-01-31,1995-07-31,298.21643,301.68256,298.188,297.02383,310.51337,312.08725,299.36334,308.5507,295.7232,294.0452,254.4,0,285.8
T000121,1979-10-31,1979-07-31,18.845148,18.12587,19.147297,18.846733,21.057814,20.464708,18.63951,18.93797,18.640171,18.688585,18.89,0,17.89
T000121,1980-01-31,1979-07-31,18.99841,19.341698,22.145699,19.016659,20.19165,21.206234,18.791943,19.156782,18.615763,18.662722,19.9,0,18.09
T000122,1979-10-31,1979-07-31,906.99384,914.2204,895.0912,904.4524,961.4917,908.0413,887.902,907.76373,887.5166,892.2372,907.6,0,834.9
T000122,1980-01-31,1979-07-31,921.91437,909.5566,895.7446,914.02155,935.35767,937.8326,900.58234,926.8656,885.13666,889.71545,923.7,0,858.1
T000123,1979-10-31,1979-07-31,149.73769,153.297,151.072,150.74452,164.59798,156.87373,149.74738,152.4292,149.57681,150.09123,149.5,0,146.4
T000123,1980-01-31,1979-07-31,150.95172,153.99992,153.71593,151.36342,161.00015,162.07727,150.67812,154.30754,149.31746,149.81642,147.9,0,148.5
T000124,1979-10-31,1979-07-31,49.49797,49.479687,49.66161,50.104866,52.640015,51.845726,49.385487,47.606506,49.201702,49.685856,49.5,0,46.9
T000124,1980-01-31,1979-07-31,50.359203,50.694584,52.564198,50.585045,51.842968,53.611614,50.005764,48.32134,48.957607,49.42722,49.7,0,48.3
T000125,1979-10-31,1979-07-31,19.504509,17.872753,18.973454,19.723799,18.918694,19.576189,18.702085,16.317791,18.472385,19.150204,16.04,0,15.1
T000125,1980-01-31,1979-07-31,20.586834,19.01714,22.035826,20.427746,18.645565,20.288937,19.516453,17.827095,18.130651,18.78811,18.81,0,16.85
T000126,1987-10-31,1987-07-31,118.25748,120.00265,116.11082,119.646126,127.20741,125.16876,118.40032,114.60794,121.57718,115.18771,104.0,0,115.0
T000126,1988-01-31,1987-07-31,123.17815,123.15651,122.322815,120.60038,127.53473,129.32845,122.69134,119.81221,120.29619,117.74269,109.0,0,122.0
T000127,1989-10-31,1989-07-31,1246.5541,1244.6165,1221.5634,1236.3064,1302.6661,1226.3153,1208.8203,1243.946,1207.0383,1217.9319,1246.0,0,1116.0
T000127,1990-01-31,1989-07-31,1273.5096,1233.5071,1218.3496,1255.1659,1264.0126,1266.54,1227.1979,1273.9968,1201.5461,1212.1124,1259.0,0,1146.0
T000128,1989-10-31,1989-07-31,6898.6978,7001.592,6836.7983,6881.24,7413.3394,7000.9727,6799.6187,6913.094,6800.0723,6820.649,6793.0,0,6495.0
T000128,1990-01-31,1989-07-31,6973.5957,6970.918,6823.906,6946.959,7239.2393,7230.144,6869.984,7055.113,6789.698,6809.6567,6950.0,0,6610.0
T000129,1989-10-31,1989-07-31,205.26532,205.23991,200.69646,206.44629,224.30502,218.84064,207.03957,200.96614,201.27681,201.79123,172.1,0,213.0
T000129,1990-01-31,1989-07-31,205.60124,207.97624,203.31247,208.2792,225.35011,226.0583,207.77342,205.53767,201.01746,201.51642,180.2,0,206.5
T000130,1989-10-31,1989-07-31,153.03548,149.03833,148.42152,150.98026,155.23076,146.08705,145.86975,152.47366,145.55702,147.55417,152.9,0,128.5
T000130,1990-01-31,1989-07-31,158.12268,148.22165,150.3843,154.52893,149.49776,150.94896,149.42604,158.36566,144.55013,146.48729,158.7,0,134.5
T000131,1989-10-31,1989-07-31,13472.484,13738.647,13382.113,13433.326,14610.305,13845.563,13326.172,13483.254,13320.639,13359.976,13485.0,0,12966.0
T000131,1990-01-31,1989-07-31,13576.654,13687.984,13360.512,13506.464,14306.689,14298.354,13401.587,13622.204,13300.806,13338.962,13618.0,0,13094.0
T000132,1979-10-31,1979-07-31,37733.684,38577.22,37717.535,37815.355,40882.688,38523.73,37351.656,38544.152,37305.594,37473.836,37036.0,0,35864.0
T000132,1980-01-31,1979-07-31,37993.32,38225.895,37540.926,38164.008,39794.715,39784.25,37528.75,39048.473,37220.77,37383.96,37868.0,0,35852.0
T000133,1979-10-31,1979-07-31,22838.42,23311.244,22817.842,22806.2,24955.191,23683.908,22837.863,22984.316,22577.166,22624.371,22320.0,0,23032.0
T000133,1980-01-31,1979-07-31,22669.35,23162.367,22623.602,22867.092,24450.248,24458.018,22715.666,22699.299,22553.367,22599.154,22612.0,0,22172.0
T000134,1992-10-31,1992-07-31,2050.4143,1648.7544,1106.0393,2192.791,1786.1226,1994.8452,1892.6802,1602.4113,2897.3008,1021.53485,214.0,0,1194.0
T000134,1993-01-31,1992-07-31,2984.961,2056.2683,1697.7739,2438.3438,1939.0939,2059.8809,2831.0269,2133.0242,2521.24,1771.6047,147.0,0,2431.0
T000135,1979-10-31,1979-07-31,466.84393,456.03546,455.46826,464.24332,473.45123,439.712,448.49747,459.58224,441.80643,457.8441,441.0,0,385.0
T000135,1980-01-31,1979-07-31,485.13104,446.37482,447.8999,478.02045,451.1329,454.21338,458.77725,473.08853,433.72073,449.2767,505.0,0,404.0
T000136,1979-10-31,1979-07-31,139.25175,140.90866,139.46146,140.0833,151.01315,144.17862,139.4403,140.2355,137.53214,139.55954,140.7,0,135.4
T000136,1980-01-31,1979-07-31,141.88954,141.4337,141.17448,141.39403,147.24586,148.96445,140.92099,139.52065,136.50998,138.47649,144.1,0,138.4
T000137,1989-10-31,1989-07-31,87.472466,90.831116,86.79838,97.43223,103.83512,103.512184,96.16929,88.593636,95.759995,86.239685,79.86,0,103.97
T000137,1990-01-31,1989-07-31,91.67356,95.270775,91.90979,99.75856,105.5322,106.95581,101.01758,91.73823,93.85132,90.04661,84.02,0,104.21
T000138,1989-10-31,1989-07-31,32.844315,28.287182,28.19909,32.135193,32.599915,33.839554,31.481983,27.927334,32.785393,27.016619,24.65,0,35.06
T000138,1990-01-31,1989-07-31,32.898468,30.869034,31.901608,33.10605,33.41399,35.013977,33.05171,28.170258,31.628843,29.323402,23.81,0,33.25
T000139,1994-10-31,1994-07-31,38.524635,40.59074,38.750835,44.489136,48.7579,50.345234,44.372425,39.996723,42.965004,38.76621,35.4,0,49.9
T000139,1995-01-31,1994-07-31,39.926544,43.334713,42.909073,45.829628,50.702877,52.0539,46.15707,42.00654,42.12321,40.445198,36.8,0,47.0
T000140,1990-10-31,1990-07-31,120.54646,105.568275,109.04098,123.197075,119.235176,114.59211,121.0284,118.6377,102.77662,110.341545,112.0,0,125.0
T000140,1991-01-31,1990-07-31,122.97782,105.37825,104.7988,126.44395,114.53201,118.410065,127.40307,107.91272,98.96261,106.30033,110.0,0,124.0
T000141,1990-10-31,1990-07-31,125.32677,119.09559,119.325096,127.93775,131.99017,126.7237,126.51447,123.85468,116.51065,119.53662,115.0,0,129.0
T000141,1991-01-31,1990-07-31,128.15337,120.556854,119.402466,129.89487,128.95709,130.93872,131.9082,118.855675,114.98505,117.920135,114.0,0,133.0
T000142,1990-10-31,1990-07-31,102.71809,103.87577,101.85983,103.23298,111.83324,109.452576,103.05554,99.87327,102.0,102.00002,100.0,0,103.0
T000142,1991-01-31,1990-07-31,104.17626,105.77683,105.33349,103.60756,111.35743,113.09853,104.31267,100.73258,102.0,102.00009,100.0,0,105.0
T000143,1990-10-31,1990-07-31,115.91089,117.90752,114.60659,118.160324,129.15678,125.39556,117.60855,113.894424,118.18696,114.535835,104.0,0,118.0
T000143,1991-01-31,1990-07-31,119.49755,120.74861,119.139854,119.01498,129.38133,129.56158,120.48357,116.2697,117.45496,115.99583,106.0,0,122.0
T000144,1990-10-31,1990-07-31,113.46605,111.4985,109.34603,115.41787,124.97448,121.54405,116.396805,112.03312,109.79674,108.88396,101.0,0,122.0
T000144,1991-01-31,1990-07-31,115.76398,114.31841,112.38595,117.87546,124.240036,125.58362,120.946014,111.00327,109.61374,109.248955,93.0,0,124.0
T000145,1989-10-31,1989-07-31,304.6065,309.14905,299.7085,303.14862,335.6962,321.68018,302.59396,301.23,303.86337,299.2082,300.6,0,305.1
T000145,1990-01-31,1989-07-31,304.60767,311.42917,303.8447,303.88434,330.9244,332.25705,303.8787,303.19144,302.93008,301.06967,307.2,0,304.0
T000146,1979-10-31,1979-07-31,139.25175,140.91785,139.46736,140.0833,151.01868,144.18646,139.4403,140.23853,137.53214,139.55954,140.7,0,135.4
T000146,1980-01-31,1979-07-31,141.88954,141.44159,141.18852,141.39403,147.25887,148.97255,140.92099,139.52661,136.50998,138.47649,144.1,0,138.4
T000147,1979-10-31,1979-07-31,135.51366,136.24165,134.08946,135.679,145.56209,138.39204,133.4959,132.8649,133.37766,134.13416,133.1,0,125.7
T000147,1980-01-31,1979-07-31,137.83107,137.11382,137.1313,137.21176,142.00842,142.99007,135.62915,136.25743,132.99626,133.73003,136.2,0,130.1
T000148,1979-10-31,1979-07-31,136.78133,137.72203,135.96606,136.31026,147.8207,140.36642,134.99057,135.37343,134.60384,135.69318,135.5,0,129.9
T000148,1980-01-31,1979-07-31,138.29428,138.21684,138.26202,137.39812,143.93039,145.02864,135.86206,136.12096,134.05461,135.11125,136.4,0,131.5
T000149,1979-10-31,1979-07-31,149.02081,151.81017,149.45508,149.49529,163.74496,156.31688,148.86163,149.51335,148.15363,149.18245,149.6,0,146.6
T000149,1980-01-31,1979-07-31,149.55763,152.41844,151.59953,150.16254,160.2819,161.49867,149.14485,149.3274,147.63492,148.63284,153.5,0,146.9
T000150,1979-10-31,1979-07-31,131.13249,131.14333,129.65164,130.36938,139.96939,132.9898,128.6008,128.58322,128.27893,129.39854,129.0,0,122.2
T000150,1980-01-31,1979-07-31,133.07954,131.60199,132.02104,131.72723,136.20985,137.41164,129.7989,130.00844,127.71446,128.80045,128.5,0,124.4
T000151,1979-10-31,1979-07-31,134.61406,138.59782,136.53683,136.99197,148.51448,141.59991,136.12408,136.78714,135.50342,136.47173,138.0,0,131.2
T000151,1980-01-31,1979-07-31,138.10614,139.5919,139.25478,138.29863,145.01448,146.30156,137.98567,138.25517,135.01521,135.95445,142.9,0,135.7
T000152,1979-10-31,1979-07-31,2.1990638,0.9500435,2.4013536,2.293526,2.3193064,2.7831612,2.3076324,2.0889857,1.992532,2.0016098,2.43,0,2.55
T000152,1980-01-31,1979-07-31,2.2597969,2.329625,5.4231963,2.368735,1.7595853,2.9274604,2.478777,1.9414128,1.9879564,1.9967604,2.53,0,2.58
T000153,1979-10-31,1979-07-31,5.2325816,4.366816,5.500773,5.641647,4.7539954,6.70979,5.3622417,5.227906,5.6919446,5.116894,4.86,0,4.28
T000153,1980-01-31,1979-07-31,5.9891896,5.8578105,8.937149,5.75765,6.730235,7.000677,6.026873,5.8977323,5.5766525,5.3468423,6.47,0,5.55
T000154,1990-10-31,1990-07-31,124.662544,120.93277,121.230255,126.1844,131.83687,126.22312,125.41571,122.85048,118.26171,121.59028,115.0,0,125.0
T000154,1991-01-31,1990-07-31,127.01094,121.82075,121.500305,127.47162,129.43372,130.42287,128.9392,120.04399,116.58355,119.81215,122.0,0,128.0
T000155,1990-10-31,1990-07-31,130.01018,130.40436,129.35898,131.51767,135.60794,133.10443,131.21336,123.62596,128.16086,131.24734,115.7,0,122.6
T000155,1991-01-31,1990-07-31,138.33005,131.82132,131.64062,133.23123,134.51784,137.5291,135.27342,125.404945,126.604744,129.59853,119.7,0,131.9
T000156,1987-10-31,1987-07-31,118.25748,120.00265,116.11082,119.646126,127.20741,125.16876,118.40032,114.60794,121.57718,115.18771,104.0,0,115.0
T000156,1988-01-31,1987-07-31,123.17815,123.15651,122.322815,120.60038,127.53473,129.32845,122.69134,119.81221,120.29619,117.74269,109.0,0,122.0
T000157,1989-10-31,1989-07-31,777.738,742.29865,716.3934,746.8237,816.99115,768.963,744.51227,748.81195,788.86096,693.9317,540.0,0,758.0
T000157,1990-01-31,1989-07-31,774.4597,751.88116,725.36487,759.866,794.2261,794.1844,764.18243,737.6183,769.82916,731.8914,610.0,0,733.0
T000158,1989-10-31,1989-07-31,111.42411,104.48748,101.64026,107.88244,117.026054,113.550575,107.04554,103.76432,109.762505,99.265526,84.8,0,113.4
T000158,1990-01-31,1989-07-31,109.85127,107.32136,105.41804,109.58808,115.89418,117.328384,109.18227,101.50936,107.65803,103.46299,89.4,0,108.2
T000159,1989-10-31,1989-07-31,1458.0082,1478.683,1446.6047,1455.4967,1562.1273,1472.967,1435.3445,1466.7522,1435.6162,1440.2157,1468.4,0,1360.0
T000159,1990-01-31,1989-07-31,1475.2302,1470.8477,1445.8029,1471.0969,1521.0044,1521.2551,1452.4053,1499.5073,1433.2972,1437.7587,1512.3,0,1386.4
T000160,1989-10-31,1989-07-31,115.54298,107.55805,102.40223,111.52694,121.54513,119.50808,109.844864,106.96668,113.45762,101.59146,106.0,0,114.9
T000160,1990-01-31,1989-07-31,116.71019,111.71246,108.192184,113.34933,122.23248,123.47557,113.883736,111.509415,111.078636,106.336426,108.4,0,115.0
T000161,1989-10-31,1989-07-31,204.45605,207.85568,202.31178,204.08565,227.05305,216.35228,203.54727,202.85487,205.12598,201.20102,194.6,0,203.8
T000161,1990-01-31,1989-07-31,205.97417,209.93634,206.557,204.68091,223.66876,223.49521,205.4045,206.07898,204.33908,202.77051,194.3,0,205.8
T000162,1979-10-31,1979-07-31,151.50272,145.80974,148.85886,156.38525,154.9338,145.82178,152.4573,144.98254,141.7894,152.98549,147.0,0,133.0
T000162,1980-01-31,1979-07-31,160.22134,143.49902,145.1129,164.99968,149.56068,150.67455,158.72055,147.85945,136.14465,147.00449,157.0,0,144.0
T000163,1979-10-31,1979-07-31,157.71143,150.99417,153.8505,166.72414,158.95474,150.11665,158.6652,144.46971,147.04684,160.36113,150.0,0,131.0
T000163,1980-01-31,1979-07-31,174.06969,148.62244,149.91272,175.17758,153.88931,155.11194,167.51418,152.18796,140.3342,153.2486,164.0,0,149.0
T000164,1987-10-31,1987-07-31,66.06236,66.00711,59.512383,70.19845,79.915764,93.688774,70.25781,67.780304,61.004257,62.21465,70.0,0,80.0
T000164,1988-01-31,1987-07-31,67.133484,66.60098,64.76747,72.02124,91.815384,96.80217,68.5724,73.35492,60.39402,61.568054,85.0,0,60.0
T000165,1986-07-31,1986-04-30,184.45163,186.26733,182.55217,187.91533,200.1907,189.84447,182.56262,173.55162,180.76384,184.6976,183.0,0,164.0
T000165,1986-10-31,1986-04-30,184.39548,184.34189,184.16261,192.86703,196.52876,196.1256,183.36609,187.3382,178.78056,182.59618,174.0,0,160.0
T000166,1988-10-31,1988-07-31,45.064663,43.8831,43.688328,46.850086,51.434597,51.966263,47.0799,43.741577,42.751064,43.05366,41.0,0,52.0
T000166,1989-01-31,1988-07-31,45.443916,44.54424,46.151573,48.076946,52.803818,53.729355,46.224613,45.12974,42.598507,42.892014,43.0,0,42.0
T000167,1988-10-31,1988-07-31,497.4171,481.56348,481.50638,489.24146,485.164,440.0118,470.62805,507.67538,471.76385,475.6976,484.0,0,367.0
T000167,1989-01-31,1988-07-31,521.9367,474.17804,480.30447,510.38696,451.77087,454.57114,498.01868,546.29126,469.78055,473.59616,519.0,0,414.0
T000168,1991-10-31,1991-07-31,5.9631777,5.0485125,6.3534646,5.969042,6.117889,7.556864,5.9676495,5.976727,5.9679656,5.9588394,5.9,0,5.97
T000168,1992-01-31,1991-07-31,5.972667,6.3763714,9.414446,5.971453,6.820289,7.875695,5.9753547,5.9815373,5.966132,5.9624896,5.85,0,5.98
T000169,1971-04-30,1971-01-31,98.910774,101.28683,99.11513,99.74191,110.40919,106.0715,99.27364,99.977806,99.63739,98.907166,99.4,0,97.6
T000169,1971-07-31,1971-01-31,100.21178,102.82035,102.85592,99.914665,108.98828,109.60761,100.36516,100.53955,99.49099,99.199165,100.6,0,99.8
T000170,1971-04-30,1971-01-31,125.37992,128.93451,126.59982,126.94749,137.99358,131.74628,126.01186,127.625114,126.02574,126.23756,128.9,0,119.2
T000170,1971-07-31,1971-01-31,127.84818,129.98602,130.23366,127.761086,135.3981,136.12689,128.3458,131.15237,125.91895,126.124405,132.3,0,124.0
T000171,1971-04-30,1971-01-31,113.11676,114.92771,113.220085,113.14364,124.80063,118.69631,112.528046,113.418724,112.451065,112.75366,113.5,0,110.4
T000171,1971-07-31,1971-01-31,113.74539,115.961,116.16331,113.55586,121.8498,122.64806,113.0509,114.237976,112.2985,112.59201,114.2,0,111.5
T000172,1971-04-30,1971-01-31,128.33807,130.38197,128.1766,127.8469,139.53476,133.17088,127.64039,129.32736,128.53577,127.349144,129.7,0,122.1
T000172,1971-07-31,1971-01-31,128.99788,131.42422,131.48013,128.57777,136.42984,137.59872,129.30096,131.82484,128.29787,127.82365,131.5,0,124.2
T000173,1989-04-30,1989-01-31,497.24432,485.38678,484.07687,491.2378,498.97012,466.10257,475.72766,488.31262,470.30005,484.5221,596.0,0,414.0
T000173,1989-07-31,1989-01-31,515.2195,475.4414,476.66946,504.9533,476.45697,481.45786,483.59308,500.9895,463.1297,476.92462,693.0,0,424.0
T000174,1989-01-31,1988-10-31,239.03087,241.07599,232.27345,243.98103,246.3216,226.36258,237.40381,249.4231,258.8859,226.93855,366.0,0,175.0
T000174,1989-04-30,1988-10-31,255.49902,244.21848,243.51381,251.51414,232.16893,233.87509,264.07114,276.65475,252.48097,239.71346,359.0,0,214.0
T000175,1974-10-31,1974-07-31,35.593864,37.876835,39.420406,38.646458,39.384247,36.73582,38.121124,42.715523,38.0,38.000023,37.0,0,32.0
T000175,1975-01-31,1974-07-31,39.285896,38.851643,42.200512,39.397964,36.60049,38.017204,40.886845,44.77173,38.0,38.000095,36.0,0,38.0
T000176,1989-10-31,1989-07-31,66.1633,66.63788,59.273655,68.90192,76.38538,93.64007,68.83021,69.85643,61.751064,62.05366,66.0,0,77.0
T000176,1990-01-31,1989-07-31,66.00179,67.764984,66.01257,70.40663,90.89555,96.75275,67.088936,75.343,61.598507,61.892014,84.0,0,59.0
T000177,1989-04-30,1989-01-31,421.51956,400.21252,404.4038,417.1324,396.7794,354.2969,388.18356,434.70517,387.28302,396.6635,454.0,0,279.0
T000177,1989-07-31,1989-01-31,452.94366,388.26218,400.82074,440.00162,360.09512,366.06497,417.0886,471.09076,382.55365,391.6524,435.0,0,336.0
T000178,1979-10-31,1979-07-31,20.162277,19.50598,20.379309,20.130087,22.3574,22.13109,19.989677,19.840532,19.990128,20.02644,19.89,0,19.46
T000178,1980-01-31,1979-07-31,20.300957,20.796696,23.447083,20.237072,22.006699,22.926521,20.120035,20.08494,19.971823,20.007042,20.12,0,19.69
T000179,1979-10-31,1979-07-31,2.6564298,1.566618,2.934687,2.7881658,3.0396922,3.9348478,2.7799482,2.7213535,2.794792,2.4570646,2.85,0,3.1
T000179,1980-01-31,1979-07-31,2.6169086,2.9364052,6.0085697,2.8613307,2.5266254,4.1291075,2.8413355,2.6250916,2.7270794,2.5921137,2.75,0,2.8
T000180,1979-10-31,1979-07-31,373.0294,384.03143,371.92297,380.6639,404.05527,388.90866,376.36432,383.3256,373.0,373.00003,371.0,0,364.0
T000180,1980-01-31,1979-07-31,388.32822,386.7586,376.48108,382.37335,393.63367,401.68277,386.98163,391.7881,373.0,373.0001,382.0,0,387.0
T000181,1979-10-31,1979-07-31,4.0465126,2.5035832,4.3017683,4.242002,5.563591,5.006639,4.379482,4.423076,3.5253196,3.6160984,4.4,0,5.3
T000181,1980-01-31,1979-07-31,4.104275,3.6949635,6.856036,4.567232,4.2664175,5.2381525,4.354387,3.6560557,3.4795525,3.5676038,3.0,0,3.9
T000182,1979-10-31,1979-07-31,7850.4307,7974.3247,7745.507,7833.862,8444.135,8013.3877,7730.622,7781.214,7723.3896,7763.03,7824.0,0,7397.0
T000182,1980-01-31,1979-07-31,7938.714,7930.1616,7734.0,7901.339,8262.476,8275.324,7787.769,7878.624,7703.4043,7741.8535,7913.0,0,7471.0
T000183,1979-10-31,1979-07-31,1.0841184,0.017262101,1.4664869,1.0837053,1.3728831,1.1961703,1.0828273,1.0866154,1.0879656,1.0788397,1.08,0,1.08
T000183,1980-01-31,1979-07-31,1.0852015,1.3471422,4.5306177,1.0855346,0.7070264,1.0505085,1.085498,1.0926344,1.0861324,1.0824896,1.09,0,1.08
T000184,1979-10-31,1979-07-31,67.817894,59.343857,64.80223,76.725395,77.935425,71.15832,77.64739,68.47897,58.755325,60.26831,71.0,0,99.0
T000184,1980-01-31,1979-07-31,70.18892,57.574398,57.796734,82.291275,69.6229,73.56094,74.79627,57.99275,57.992523,59.460068,43.0,0,59.0
T000185,1979-10-31,1979-07-31,79.43683,85.30565,81.2721,85.40842,84.07481,82.79356,82.97542,84.50348,85.983696,81.41979,84.0,0,60.0
T000185,1980-01-31,1979-07-31,90.338425,87.45898,89.47257,88.05355,84.97305,85.5656,93.167114,98.02402,85.0687,83.24478,109.0,0,80.0
T000186,1979-10-31,1979-07-31,362.16412,371.93832,361.1581,362.30942,400.63736,383.20078,361.969,360.2954,363.39023,360.6519,360.0,0,361.0
T000186,1980-01-31,1979-07-31,363.64053,373.77292,365.53625,362.66202,395.24808,395.78842,363.41287,362.4565,362.84122,361.74686,366.0,0,363.0
T000187,1979-10-31,1979-07-31,25.789906,17.715107,22.822042,21.735802,22.970478,18.675508,23.439028,25.689388,17.587032,21.00638,26.2,0,24.2
T000187,1980-01-31,1979-07-31,22.086704,15.926939,20.454166,23.42599,18.437593,19.363125,21.771807,19.062752,15.863101,19.179749,11.5,0,12.2
T000188,1979-10-31,1979-07-31,3.9841769,2.8959625,3.4673984,4.911303,3.0547433,6.620063,4.784163,3.9105988,4.595108,3.2259378,3.9,0,4.6
T000188,1980-01-31,1979-07-31,6.393258,4.927832,7.596189,5.420272,5.857591,6.906867,6.57008,5.4236913,4.320608,3.7734342,8.2,0,7.5
T000189,1979-10-31,1979-07-31,70.0511,68.68876,68.55026,69.36987,74.190186,70.494354,67.852585,67.13693,67.677666,68.43416,67.1,0,62.7
T000189,1980-01-31,1979-07-31,71.644196,69.45466,71.37247,70.394226,72.14584,72.87247,68.835,69.22103,67.296265,68.03004,71.1,0,64.4
T000190,1967-10-31,1967-07-31,183.47797,138.36511,161.4859,185.91873,180.30798,153.15332,190.67,230.05038,129.06389,147.21971,333.0,0,238.0
T000190,1968-01-31,1967-07-31,178.69426,117.3337,119.204575,196.16249,140.61076,158.27159,175.47095,159.28604,119.91026,137.5208,116.0,0,103.0
T000191,1971-10-31,1971-07-31,108.03554,105.56858,103.991745,108.43114,99.35591,95.89361,100.87814,97.30986,101.00426,102.214645,90.0,0,65.0
T000191,1972-01-31,1971-07-31,111.995964,103.2527,110.81063,118.661316,98.42939,99.112854,107.31937,117.773575,100.39402,101.568054,76.0,0,69.0
T000192,1990-10-31,1990-07-31,96.65016,91.699715,93.200775,95.59379,100.06553,96.02591,96.461136,95.01917,89.76384,93.6976,84.0,0,96.0
T000192,1991-01-31,1990-07-31,97.078896,91.61404,92.34766,97.18308,96.66868,99.23859,97.94389,90.62494,87.780556,91.59617,80.0,0,94.0
T000193,1988-10-31,1988-07-31,570.2006,516.86615,528.4855,563.28375,594.4045,543.747,564.06146,604.00934,492.31284,510.16605,832.0,0,624.0
T000193,1989-01-31,1988-07-31,564.1104,498.23358,489.11703,576.2727,550.07355,561.6149,562.043,536.64795,483.31177,500.62878,738.0,0,520.0
T000194,1986-10-31,1986-07-31,108.512436,110.15698,107.67509,109.14932,118.952644,115.02987,108.573166,107.82958,110.029236,107.01707,101.9,0,107.1
T000194,1987-01-31,1986-07-31,110.84067,112.278404,111.912285,109.62112,118.07393,118.85941,110.60138,109.44385,109.42534,108.22156,104.2,0,110.4
T000195,1986-10-31,1986-07-31,38.778618,38.65282,38.883747,38.853317,42.937912,42.266815,38.90117,38.666927,38.73902,38.465187,38.5,0,39.4
T000195,1987-01-31,1986-07-31,38.659664,39.979855,41.870785,38.95069,42.2851,43.71888,38.875465,38.67961,38.684116,38.574688,38.5,0,38.6
T000196,1986-10-31,1986-07-31,1926.5211,1988.187,1464.8263,2686.4966,1879.5303,2050.598,2350.5225,1988.1857,2595.6816,1498.5182,1295.0,0,1130.0
T000196,1987-01-31,1986-07-31,4038.3945,2482.9678,2219.1975,3113.9836,2157.9045,2117.334,3870.2327,2866.4756,2375.7183,1937.245,2109.0,0,4075.0
T000197,1988-10-31,1988-07-31,160.0837,157.26558,155.98796,159.141,164.29033,154.88054,153.73837,159.31369,153.5064,155.32198,161.0,0,136.0
T000197,1989-01-31,1988-07-31,164.71556,156.3962,158.1181,162.77081,158.5914,160.02783,157.15138,165.04163,152.59103,154.35208,166.0,0,141.0
T000198,1986-10-31,1986-07-31,1264.2737,1307.7413,1263.7408,1304.3269,1412.3024,1359.9783,1298.9342,1267.1796,1297.2598,1258.0103,1222.0,0,1330.0
T000198,1987-01-31,1986-07-31,1282.5342,1320.5127,1272.3573,1313.9857,1395.5844,1404.4512,1319.9176,1264.568,1289.3909,1273.7051,1209.0,0,1334.0
T000199,1986-10-31,1986-07-31,201.8613,191.72609,208.97641,218.35349,180.36588,153.00552,194.34079,222.70776,178.8516,207.71936,293.4,0,100.4
T000199,1987-01-31,1986-07-31,204.33768,166.82724,189.1541,240.6982,152.17198,158.157,196.25934,233.44798,164.29732,192.29808,253.2,0,77.8
T000200,1986-10-31,1986-07-31,45.12301,41.097466,43.981052,59.45583,53.31048,56.99387,63.995037,44.151787,44.104023,39.631397,38.5,0,90.0
T000200,1987-01-31,1986-07-31,48.880035,45.266518,43.718704,66.7804,51.495026,58.921303,70.821144,39.513474,43.20733,41.419884,28.5,0,72.5
T000201,1986-10-31,1986-07-31,840.2304,864.9827,843.19403,842.3694,927.8253,881.0618,841.62866,855.77966,839.0043,840.21466,853.0,0,837.0
T000201,1987-01-31,1986-07-31,847.31824,864.7531,844.5621,843.29535,908.6888,909.93536,845.841,855.30133,838.39404,839.56805,860.0,0,846.0
T000202,1986-10-31,1986-07-31,3.3825915,1.8120849,2.9194076,3.9926178,4.258709,4.974425,3.7108755,2.7835617,4.0516086,2.262559,2.07,0,4.64
T000202,1987-01-31,1986-07-31,3.9626646,3.5965424,6.3436627,4.3217516,4.4575176,5.205493,4.501729,2.7621336,3.6929293,2.977954,2.0,0,4.93
