unique_id,ds,cutoff,NBEATS,TiDE,NLinear,TFT,KAN,MLP,DLinear,NHITS,DeepNPTS,PatchTST,y,SeasonalNaive
T000000,1987-04-30,1987-01-31,4.541417,2.7373233,3.8721445,4.732231,4.3980675,3.2992985,4.2673798,4.4754906,3.8646603,4.116989,5.1,1.14
T000000,1987-07-31,1987-01-31,5.0368032,3.8060863,7.30175,5.09553,4.261678,3.3095675,4.4538183,4.486496,3.7212164,4.1316137,4.3,1.03
T000001,1991-04-30,1991-01-31,163.12357,160.55263,156.56415,168.2101,151.57182,142.6942,162.29147,172.32555,156.87312,160.08908,201.0,123.0
T000001,1991-07-31,1991-01-31,165.31247,155.49437,159.45403,173.01065,152.55194,137.22003,163.91818,167.56229,155.04489,160.27547,214.0,118.0
T000002,1989-04-30,1989-01-31,375.96887,296.32535,308.46317,355.30933,292.77927,264.30743,345.71313,308.59094,282.11002,324.16486,330.0,289.0
T000002,1989-07-31,1989-01-31,326.184,263.0499,288.1744,374.52493,285.95868,254.03204,336.4442,274.66986,258.20248,326.6023,318.0,214.0
T000003,2004-01-31,2003-10-31,38614.473,38655.1,35810.367,38517.01,38747.54,37184.82,38046.96,41853.297,41983.977,34700.297,41235.1,36602.0
T000003,2004-04-30,2003-10-31,42034.285,39579.74,37261.395,39873.527,41529.555,35714.266,42399.99,43890.93,40619.527,34758.53,46557.6,40931.4
T000004,1988-01-31,1987-10-31,789514.5,799907.4,778201.0,805436.25,772563.1,739586.44,794391.6,789934.6,779205.75,791351.44,772214.0,722636.0
T000004,1988-04-30,1987-10-31,786247.3,785220.2,770954.25,817496.9,809097.9,710340.56,791811.75,781949.94,772301.1,792055.4,818797.0,701800.0
T000005,1988-04-30,1988-01-31,703.62274,707.26984,687.5978,723.81244,701.1063,657.8786,710.47217,719.931,690.4941,701.505,740.84,619.83
T000005,1988-07-31,1988-01-31,664.7678,684.93164,682.3164,743.6988,707.1832,632.0516,704.93506,699.6264,684.2345,702.1432,663.86,564.64
T000006,1982-04-30,1982-01-31,46.884487,44.09861,41.17873,43.587597,38.952316,37.0118,45.870464,42.865337,47.064377,42.23098,30.7,16.8
T000006,1982-07-31,1982-01-31,48.794434,45.456993,48.31424,48.283,40.776894,35.716717,52.21538,41.725006,46.158936,42.269623,26.8,23.0
T000007,1991-04-30,1991-01-31,182.49751,184.53018,182.17934,185.5137,173.71971,171.6493,183.68248,177.02614,182.17,182.16975,140.53,169.68
T000007,1991-07-31,1991-01-31,182.21892,184.60023,184.35222,187.60542,186.26422,165.03598,185.09369,180.47101,182.17,182.1696,166.56,167.6
T000008,1988-01-31,1987-10-31,2991.5684,3227.6812,2685.9473,3191.2786,2960.4236,3031.452,3498.1082,3417.9573,3903.5078,2901.2134,3253.0,1015.0
T000008,1988-04-30,1987-10-31,4459.072,3675.8367,3037.0913,3641.2874,3417.3206,2911.5764,4889.542,3794.5752,3715.748,2909.227,2742.0,3712.0
T000009,1990-04-30,1990-01-31,9820.777,10358.981,10654.3545,11855.133,9239.101,10177.543,12104.516,9606.881,10663.661,9713.093,8861.0,15518.0
T000009,1990-07-31,1990-01-31,10312.194,10451.889,10372.568,12716.008,10517.147,9774.491,13259.216,9071.772,10485.591,9720.692,11380.0,12623.0
T000010,1991-10-31,1991-07-31,175.31425,177.21901,175.01613,178.21272,166.84651,164.93602,176.45334,170.05696,175.0,174.99976,135.0,163.0
T000010,1992-01-31,1991-07-31,175.0459,177.34348,177.23875,180.22252,178.85638,158.58844,177.80891,173.36452,175.0,174.9996,160.0,161.0
T000011,1984-04-30,1984-01-31,313.98917,331.85162,324.3579,333.2612,296.66763,305.76263,335.26276,311.95724,330.80078,329.9528,227.0,278.0
T000011,1984-07-31,1984-01-31,338.82428,341.05002,328.8929,340.45758,335.8372,293.8286,353.9124,332.33557,330.6419,329.9596,319.0,320.0
T000012,1994-04-30,1994-01-31,669.49866,685.4591,671.7096,690.31964,659.33167,619.1865,680.3107,715.31775,662.3656,678.4454,795.0,610.0
T000012,1994-07-31,1994-01-31,696.22266,669.46173,665.852,697.3967,676.4248,594.8351,689.1044,762.2014,653.2245,679.3773,844.0,639.0
T000013,1988-01-31,1987-10-31,29650.568,30003.904,29206.865,29812.527,28601.889,27528.41,29678.08,29376.363,29058.902,29291.441,26278.0,28628.0
T000013,1988-04-30,1987-10-31,27927.205,29405.637,29101.225,30315.508,30256.516,26439.01,29351.59,28190.168,28926.707,29304.918,28641.0,26204.0
T000014,1988-04-30,1988-01-31,140277.84,141391.72,137445.16,136628.67,138535.17,131017.3,139240.1,148668.66,136217.81,135106.12,122733.0,143642.0
T000014,1988-07-31,1988-01-31,133315.39,137839.17,137385.69,138638.12,143393.73,125834.35,138634.72,146336.61,136009.56,135115.02,144710.0,128780.0
T000015,1988-04-30,1988-01-31,33458.86,36488.0,34421.953,38759.254,35009.31,32626.14,37262.938,40907.047,34833.67,36875.56,28852.0,25295.0
T000015,1988-07-31,1988-01-31,39138.94,35039.22,34053.83,40438.867,35210.82,31333.725,39611.645,43869.016,33672.89,36993.902,23243.0,32532.0
T000016,1988-04-30,1988-01-31,618712.06,632243.25,614120.56,622574.75,623439.3,595363.9,622862.9,640795.9,615812.75,615897.3,612695.0,592558.0
T000016,1988-07-31,1988-01-31,593005.56,622833.9,611336.1,629945.94,649198.75,571837.8,621981.9,632463.9,615764.6,615902.25,654950.0,561684.0
T000017,1988-04-30,1988-01-31,143809.42,146434.88,141662.66,146554.66,138229.4,133359.64,144475.84,142845.0,141361.52,144241.78,121898.0,130036.0
T000017,1988-07-31,1988-01-31,148555.61,144233.61,141259.19,147922.03,146720.02,128082.66,146127.6,146102.94,139724.12,144408.72,154758.0,135511.0
T000018,1988-04-30,1988-01-31,37458.285,35810.28,33897.285,36676.266,35284.812,32620.426,35740.01,38903.492,34939.566,35515.965,24577.0,28459.0
T000018,1988-07-31,1988-01-31,39488.445,34843.773,33407.074,37708.273,35190.273,31326.768,36871.34,41312.508,34611.895,35549.37,21109.0,31185.0
T000019,1988-04-30,1988-01-31,703620.56,708476.56,687404.44,723810.56,701104.75,656775.2,710470.0,719927.9,690491.8,701503.0,740835.0,619826.0
T000019,1988-07-31,1988-01-31,664766.9,684684.56,678678.75,743697.0,707181.5,630810.8,704933.06,699622.9,684232.1,702141.2,663858.0,564637.0
T000020,1981-04-30,1981-01-31,123775.19,127514.086,123509.56,123999.37,119650.79,117292.086,123639.25,124341.01,123302.89,123522.07,124408.0,120615.0
T000020,1981-07-31,1981-01-31,124647.38,126637.62,123703.05,124435.86,129298.516,112649.99,124273.7,125368.67,123178.29,123534.77,131643.0,122262.0
T000021,1990-04-30,1990-01-31,147893.78,152807.38,148560.12,151462.88,148725.77,145770.9,150881.64,147328.05,151234.19,147710.89,129675.0,154517.0
T000021,1990-07-31,1990-01-31,149112.0,153148.31,147894.12,152485.33,159074.94,140008.19,153342.34,151885.95,150574.17,147739.06,136911.0,153713.0
T000022,2005-07-31,2005-04-30,333.9545,345.4563,334.9182,337.27444,336.871,329.3269,336.92282,339.66248,336.4243,333.8889,338.62,340.42
T000022,2005-10-31,2005-04-30,334.86456,345.08963,339.27823,338.28983,365.02597,316.49548,339.29633,344.68622,335.94934,333.90915,352.78,339.82
T000023,1990-01-31,1989-10-31,1171.5659,1071.1445,1090.3658,1098.1002,1009.3172,986.24695,1186.4556,1076.365,1045.68,1083.0347,1084.0,1276.0
T000023,1990-04-30,1989-10-31,1088.96,1018.64716,1046.3036,1155.156,1049.4984,947.3005,1153.2667,920.4406,1024.4446,1085.1997,706.0,871.0
T000024,1990-01-31,1989-10-31,1393.0259,1329.5468,1316.8986,1312.372,1187.556,1175.948,1368.0463,1303.562,1359.8622,1291.177,1272.0,1369.0
T000024,1990-04-30,1989-10-31,1144.0121,1313.7595,1306.8485,1356.5208,1280.7207,1129.3324,1359.2393,1203.2656,1346.9955,1291.7262,947.0,1082.0
T000025,1990-01-31,1989-10-31,1393.0259,1329.5468,1316.8986,1312.372,1187.556,1175.948,1368.0463,1303.562,1359.8622,1291.177,1272.0,1369.0
T000025,1990-04-30,1989-10-31,1144.0121,1313.7595,1306.8485,1356.5208,1280.7207,1129.3324,1359.2393,1203.2656,1346.9955,1291.7262,947.0,1082.0
T000026,1986-04-30,1986-01-31,267.3266,266.75415,256.20856,265.34927,242.72276,252.5137,271.40842,244.57893,289.99048,256.3263,227.05,224.5
T000026,1986-07-31,1986-01-31,292.91888,281.8556,265.92227,275.32376,281.36655,242.7012,299.51263,250.40948,283.68417,256.59546,227.5,268.3
T000027,1983-10-31,1983-07-31,7.59059,5.4272294,5.5351233,6.7822685,6.5360527,6.9364448,7.1428976,4.932768,11.126065,4.4271455,21.1,3.9
T000027,1984-01-31,1983-07-31,9.620071,8.155946,10.37723,8.125432,8.749828,6.813942,10.524807,5.624917,9.871155,4.4807053,21.0,6.4
T000028,1986-10-31,1986-07-31,73321.31,77050.984,74501.195,77401.23,64722.426,68789.36,80052.37,72398.14,76249.68,76528.73,93872.0,58518.0
T000028,1987-01-31,1986-07-31,87780.69,80609.164,75403.695,80784.14,79947.836,66060.87,90928.86,80117.76,76091.05,76544.9,62929.0,84043.0
T000029,1986-10-31,1986-07-31,952.57935,896.4651,886.804,952.9562,822.05566,838.47876,971.786,818.00934,907.9585,946.05524,408.0,836.0
T000029,1987-01-31,1986-07-31,1067.8986,912.28827,843.0245,979.9449,919.79,805.3763,1028.5234,934.42755,886.3011,948.26324,812.0,975.0
T000030,1995-10-31,1995-07-31,320.9193,355.0135,332.38565,363.96967,304.70914,327.03864,384.52487,349.4704,382.42535,354.4425,394.0,207.0
T000030,1996-01-31,1995-07-31,425.37527,385.5236,342.31918,391.71545,368.30276,314.26462,469.93298,386.6688,377.18332,354.66623,307.0,393.0
T000031,1986-04-30,1986-01-31,440.01782,458.15503,443.019,450.6651,416.62912,429.48633,458.2694,431.29892,463.66977,446.26105,352.98,394.42
T000031,1986-07-31,1986-01-31,475.31985,472.65222,452.97324,461.05597,475.6006,412.6759,489.15677,451.83823,460.4086,446.40024,463.89,457.29
T000032,1986-10-31,1986-07-31,118553.6,106980.4,100146.516,99189.58,116619.15,105412.5,106077.44,117366.336,118394.15,93713.29,89407.0,93746.0
T000032,1987-01-31,1986-07-31,102697.516,104546.41,106493.22,106375.445,120035.39,101253.766,111841.33,113367.05,113770.69,93910.62,150123.0,70472.0
T000033,1988-01-31,1987-10-31,881.85675,901.541,875.78125,878.8519,851.52094,841.7073,880.4197,878.2967,879.6092,869.43365,840.0,896.0
T000033,1988-04-30,1987-10-31,873.99994,898.9774,881.6772,882.8504,928.87854,808.5886,883.29456,876.14606,877.703,869.515,850.0,873.0
T000034,1988-01-31,1987-10-31,2003.5618,1528.756,1439.0302,1893.7192,1354.6077,1196.8435,1677.8994,1898.0437,1454.9307,1655.5571,2363.0,233.0
T000034,1988-04-30,1987-10-31,2431.0176,1349.9078,1430.2668,2033.226,1176.007,1149.4824,1776.3276,1877.2728,1340.8777,1667.185,3348.0,456.0
T000035,1924-07-31,1924-04-30,25287.951,25643.867,25013.363,25798.926,24662.836,23736.334,25491.008,25738.404,24839.1,25409.809,26208.0,23357.0
T000035,1924-10-31,1924-04-30,26032.098,25192.924,24720.139,26031.615,25831.414,22797.969,25725.836,26745.871,24514.66,25442.885,26630.0,24115.0
T000036,1923-07-31,1923-04-30,456.71393,432.79257,423.5565,474.88678,393.23965,363.07178,450.2831,452.43314,407.27478,447.1032,453.0,291.0
T000036,1923-10-31,1923-04-30,496.24756,401.277,421.9717,491.32333,393.38177,348.85834,454.53107,456.54178,384.63293,449.41156,412.0,305.0
T000037,1988-04-30,1988-01-31,44053.938,45532.207,43403.836,45050.902,42785.207,38616.914,43807.53,60627.23,42938.656,43099.453,44496.0,34632.0
T000037,1988-07-31,1988-01-31,44724.973,42968.195,43858.652,46233.344,41083.707,37080.812,44958.805,60232.145,42847.246,43108.773,43264.0,35165.0
T000038,1988-04-30,1988-01-31,6122.433,6372.3906,6048.8574,6214.4575,6557.64,6230.556,6159.909,7710.9883,5891.8945,6071.9883,5707.0,5639.0
T000038,1988-07-31,1988-01-31,6430.658,6364.7686,6395.5513,6306.4375,7722.8457,5984.5806,6321.5376,7324.3813,5789.514,6082.4263,9701.0,6030.0
T000039,1988-04-30,1988-01-31,192516.88,194585.1,185975.27,191022.69,182149.42,179682.28,190978.81,190951.62,204281.9,181204.53,165275.0,182222.0
T000039,1988-07-31,1988-01-31,202181.98,197367.56,189643.17,195449.62,198539.12,172566.94,203870.34,196898.53,199958.83,181389.05,169878.0,194522.0
T000040,1988-04-30,1988-01-31,15321.702,14641.422,13312.014,16271.781,16231.892,15875.774,15981.176,17319.271,16347.128,13555.628,12763.0,15708.0
T000040,1988-07-31,1988-01-31,18430.188,15733.923,13439.807,17238.016,18095.533,15244.093,19437.633,21249.896,15824.197,13577.947,14416.0,20386.0
T000041,1914-07-31,1914-04-30,10834.279,10881.398,10230.834,10965.954,10574.925,10406.409,11138.59,11630.112,10620.203,10395.493,6317.0,10219.0
T000041,1914-10-31,1914-04-30,12375.6045,11064.221,10298.821,11358.336,11653.238,9993.845,12507.06,12782.838,10578.108,10397.289,4075.0,12726.0
T000042,1991-04-30,1991-01-31,1971.4232,1924.7626,1863.6615,2028.646,1734.0177,1855.2415,2005.2681,1803.2944,1992.9735,1801.3335,1554.0,2047.0
T000042,1991-07-31,1991-01-31,2174.1614,2019.3254,1905.2853,2106.9263,2055.7217,1782.0427,2270.9177,1998.7235,1957.0737,1802.8657,1767.0,2364.0
T000043,1991-04-30,1991-01-31,110.840935,113.72307,112.1845,116.851166,106.86727,111.49083,115.840164,109.04689,115.60538,109.669624,98.0,122.0
T000043,1991-07-31,1991-01-31,113.78003,117.499176,116.5515,118.91291,123.701965,107.26579,121.33495,108.51738,114.49343,109.71708,119.0,123.0
T000044,1981-04-30,1981-01-31,87.72432,87.45203,86.70314,90.7678,83.124626,82.53681,91.085785,89.158226,85.87312,89.08908,87.0,76.0
T000044,1981-07-31,1981-01-31,99.69124,88.315636,88.91117,93.149284,89.38109,79.45303,96.77566,97.60606,84.0449,89.27547,92.0,91.0
T000045,1981-04-30,1981-01-31,2.2948549,1.1014438,2.428009,2.3154316,1.9121231,2.213542,2.2874281,2.3083048,2.2651896,2.270137,2.28,2.02
T000045,1981-07-31,1981-01-31,2.3647258,2.552635,5.8665547,2.3462625,1.867963,2.2541943,2.3515635,2.4008863,2.2623782,2.270424,2.27,2.16
T000046,1991-04-30,1991-01-31,102.28173,105.74641,104.38002,111.61026,96.91732,97.62455,108.85745,99.29397,104.39206,108.10278,88.0,88.0
T000046,1991-07-31,1991-01-31,112.734314,106.848755,106.94196,113.71321,107.73328,93.94231,113.086365,105.00824,102.28257,108.31785,99.0,101.0
T000047,1974-04-30,1974-01-31,114.143364,129.47565,124.98068,132.06755,114.40543,119.31878,133.84856,125.65023,129.51894,130.0137,89.0,93.0
T000047,1974-07-31,1974-01-31,135.68146,134.72314,129.8274,137.20377,130.93204,114.77672,148.1406,134.79681,129.23767,130.04237,116.0,127.0
T000048,1974-04-30,1974-01-31,149.95493,142.82225,142.67548,151.98022,137.31865,133.06955,148.56189,135.57666,142.70836,148.15076,134.0,126.0
T000048,1974-07-31,1974-01-31,156.1691,141.43556,140.86743,154.24646,144.53719,127.984116,149.72226,144.2999,139.61444,148.46617,144.0,130.0
T000049,1974-04-30,1974-01-31,21.30254,21.727161,21.833815,22.63451,18.591417,22.149359,23.505507,22.104195,23.961687,22.096169,16.2,16.3
T000049,1974-07-31,1974-01-31,25.504292,24.41872,25.996773,23.826363,23.475643,21.444914,27.171051,23.974424,23.612217,22.111084,25.7,23.9
T000050,1974-04-30,1974-01-31,198.49258,164.9836,160.71037,170.77739,161.83403,163.76732,171.14098,152.50172,188.43301,151.97054,155.0,185.0
T000050,1974-07-31,1974-01-31,173.26176,170.17548,166.75952,177.93497,181.43343,157.47774,180.90613,142.20895,181.60251,152.26207,155.0,158.0
T000051,1979-04-30,1979-01-31,21.183674,18.01958,19.029966,20.203695,17.667604,20.438972,21.034916,19.527569,18.518942,19.013704,19.0,22.0
T000051,1979-07-31,1979-01-31,21.850334,19.614769,22.106628,21.131115,20.922766,19.801754,22.883802,20.808783,18.237679,19.04238,20.0,23.0
T000052,1979-04-30,1979-01-31,42.350266,37.912636,39.229507,39.45568,38.74919,38.724464,41.51564,39.26164,37.316296,39.047966,35.0,42.0
T000052,1979-07-31,1979-01-31,42.19855,38.292667,41.785175,40.84161,40.578365,37.377277,42.659695,40.619034,36.331867,39.14833,40.0,40.0
T000053,1979-04-30,1979-01-31,73.42464,70.583984,70.821846,72.53106,69.539764,70.18201,73.91063,73.79754,69.35418,72.07538,64.0,69.0
T000053,1979-07-31,1979-01-31,75.06557,71.163864,73.185356,74.12794,76.22996,67.5953,75.86695,76.92261,67.80722,72.233086,72.0,72.0
T000054,1979-04-30,1979-01-31,119.33335,116.43755,114.733376,119.33382,113.53837,114.924095,123.358765,116.551735,114.59471,117.06852,124.0,111.0
T000054,1979-07-31,1979-01-31,136.05319,119.90535,116.814964,123.375336,124.91955,110.569275,135.23921,131.89745,113.188385,117.2119,140.0,135.0
T000055,1988-04-30,1988-01-31,959.9233,981.0707,970.35004,987.43384,857.87115,863.65497,976.0499,921.3181,949.1118,971.62354,899.0,894.0
T000055,1988-07-31,1988-01-31,994.3812,971.79083,968.3474,996.9623,967.5224,829.55536,988.45233,986.27435,936.3143,972.9283,931.0,932.0
T000056,1993-10-31,1993-07-31,111.362564,111.726944,110.7692,110.732155,110.3302,107.03661,112.32376,114.68414,109.30758,109.505486,125.3,116.2
T000056,1994-01-31,1993-07-31,110.89147,111.18994,112.958725,112.00076,115.79757,102.98489,112.29095,114.31221,109.19507,109.51695,107.8,107.9
T000057,1988-04-30,1988-01-31,4706.3076,4808.0337,4671.5713,4735.6914,4742.265,4529.8027,4737.8813,4874.292,4684.2544,4684.8975,4660.54,4507.36
T000057,1988-07-31,1988-01-31,4510.7773,4737.906,4653.813,4791.7607,4938.2095,4350.986,4731.181,4810.915,4683.8887,4684.935,4981.96,4272.52
T000058,1987-10-31,1987-07-31,878.2282,832.75305,793.0066,851.05707,827.3162,804.76276,831.08936,957.1328,875.23425,760.1654,957.02,876.08
T000058,1988-01-31,1987-07-31,909.0144,846.2708,814.1506,874.4663,888.08765,773.1372,904.08264,994.9651,853.6784,761.0854,966.55,914.17
T000059,1989-07-31,1989-04-30,147900.12,152814.95,148567.64,151466.03,148733.17,145775.92,150886.28,147338.11,151235.98,147720.33,129675.0,154517.0
T000059,1989-10-31,1989-04-30,149115.52,153154.06,147901.17,152487.03,159080.9,140013.02,153342.86,151895.02,150577.39,147748.44,136911.0,153713.0
T000060,1991-04-30,1991-01-31,418.68915,424.82486,416.17505,427.33002,408.29324,387.61194,423.61008,449.12784,418.03787,419.0274,437.0,358.0
T000060,1991-07-31,1991-01-31,438.19144,422.03598,413.98077,435.22354,416.12134,372.40228,440.94824,494.53824,417.47534,419.08475,453.0,397.0
T000061,1991-04-30,1991-01-31,117.0073,116.94502,113.636635,116.93389,112.806526,110.18983,115.50996,116.986374,114.51894,115.0137,116.0,105.0
T000061,1991-07-31,1991-01-31,119.39639,117.38939,117.61795,118.08171,120.87854,106.01348,117.12373,118.151245,114.23768,115.04238,118.0,108.0
T000062,1991-04-30,1991-01-31,97.233734,97.7623,97.55049,98.21894,93.169815,94.120346,99.168175,96.45939,96.800766,95.952805,91.0,104.0
T000062,1991-07-31,1991-01-31,97.66456,98.82639,100.32986,99.47731,101.81786,90.57978,99.85861,95.791245,96.641914,95.95958,90.0,97.0
T000063,1989-04-30,1989-01-31,16.442764,15.747971,16.534763,16.45946,15.455845,17.008625,16.491583,16.542845,16.560152,16.39056,16.4,16.2
T000063,1989-07-31,1989-01-31,16.66055,17.233505,20.066872,16.523184,16.611649,16.503258,16.70576,16.688105,16.52838,16.391916,15.9,16.6
T000064,1990-04-30,1990-01-31,124.80321,125.086685,121.496185,124.99855,120.56278,117.90204,123.6433,125.28763,122.75947,123.00685,125.0,113.0
T000064,1990-07-31,1990-01-31,127.13622,125.825005,125.29591,126.21151,129.6732,113.420425,125.7151,126.22727,122.61884,123.02119,124.0,117.0
T000065,1981-04-30,1981-01-31,176.38152,177.47894,172.48965,176.17416,170.54103,166.63728,174.77773,175.64159,173.67084,174.21507,175.8,162.9
T000065,1981-07-31,1981-01-31,179.4782,178.05981,176.06796,177.98906,183.18335,160.22964,177.14827,176.62811,173.36145,174.24661,175.1,168.3
T000066,1981-04-30,1981-01-31,85.28141,84.85171,82.81999,85.51058,82.081955,80.51414,84.440704,85.31588,83.755684,83.90411,85.8,76.0
T000066,1981-07-31,1981-01-31,86.933975,85.787796,86.47635,86.49182,87.93624,77.51105,86.07666,85.9127,83.6713,83.91271,84.7,79.0
T000067,1981-04-30,1981-01-31,215.88632,211.54657,206.36827,213.19888,202.31894,196.52534,209.92955,216.07172,206.98712,209.26303,215.6,184.8
T000067,1981-07-31,1981-01-31,222.95638,210.59505,208.97021,216.67351,212.26878,188.93251,213.74976,222.49457,205.69331,209.39494,221.9,194.5
T000068,1982-04-30,1982-01-31,28.637371,27.433617,28.194353,28.572489,27.277983,28.138184,28.978067,29.03428,28.322872,27.356195,30.42,31.36
T000068,1982-07-31,1982-01-31,28.125553,28.42023,31.402134,29.192783,28.296173,27.203768,29.286547,28.778685,28.141783,27.363924,28.87,27.61
T000069,1982-04-30,1982-01-31,69.63504,66.622574,65.285545,70.00747,61.082283,63.601852,71.17747,64.48735,69.00092,65.77018,62.08,62.84
T000069,1982-07-31,1982-01-31,81.307175,71.31952,68.818436,72.92742,70.84393,61.260162,81.65271,75.55874,68.395706,65.796005,61.63,82.53
T000070,1982-04-30,1982-01-31,93.58266,93.95958,92.58441,92.76936,93.42858,91.68843,94.347206,95.72107,91.58731,91.90891,97.4,97.5
T000070,1982-07-31,1982-01-31,92.88815,93.9409,95.95205,93.917175,100.9046,88.24779,94.15137,95.97099,91.40449,91.92755,95.9,89.8
T000071,1989-10-31,1989-07-31,163.58409,166.59462,163.2018,163.13864,159.51015,158.72005,163.51155,163.7269,163.0,162.99976,168.0,164.0
T000071,1990-01-31,1989-07-31,162.7135,167.72789,166.65343,163.40433,175.16771,152.62894,163.3917,162.4119,163.0,162.9996,174.0,162.0
T000072,1980-04-30,1980-01-31,137.80127,138.8238,136.07709,137.16507,134.05453,131.34236,136.4995,138.15945,135.91946,136.36227,138.13,131.47
T000072,1980-07-31,1980-01-31,139.24971,139.31537,139.28006,137.87117,142.84727,126.32999,137.17584,140.10721,135.66772,136.38794,140.51,133.06
T000073,1980-04-30,1980-01-31,136.94606,138.12436,135.37068,136.41594,133.22429,130.5834,135.76395,137.4598,135.21516,135.61096,137.9,130.8
T000073,1980-07-31,1980-01-31,138.33847,138.61198,138.61818,137.1278,141.97284,125.60093,136.43816,139.28116,134.99014,135.63391,139.8,132.3
T000074,1980-04-30,1980-01-31,144.6113,145.3411,142.39667,143.90582,140.79958,137.7498,143.0779,144.83748,142.34679,142.91576,145.8,136.9
T000074,1980-07-31,1980-01-31,146.39232,145.75882,145.52997,144.77432,150.08362,132.48514,143.82877,146.66507,142.02333,142.94873,148.5,138.6
T000075,1980-04-30,1980-01-31,141.51172,142.18297,139.37047,140.74878,137.19266,134.26457,139.93953,141.6708,139.17462,139.81783,142.3,134.0
T000075,1980-07-31,1980-01-31,143.27464,142.51259,142.48827,141.5577,146.01625,129.1365,140.62582,143.88731,138.80898,139.8551,144.6,135.7
T000076,1980-04-30,1980-01-31,1422.5046,1435.7448,1395.7257,1415.9336,1366.8506,1324.6392,1405.3745,1431.9276,1396.7603,1402.2521,1450.2,1321.0
T000076,1980-07-31,1980-01-31,1445.315,1425.8516,1394.57,1428.2682,1450.3799,1272.4089,1419.5856,1469.8306,1393.6382,1402.5704,1505.1,1353.9
T000077,1988-04-30,1988-01-31,11682.572,11979.733,11618.499,11721.846,11501.316,11134.908,11667.462,11849.067,11564.599,11658.604,11820.0,11312.0
T000077,1988-07-31,1988-01-31,11773.772,11845.508,11617.174,11759.344,12336.474,10694.983,11681.715,11888.537,11511.158,11664.052,12084.0,11360.0
T000078,1988-04-30,1988-01-31,13153.793,13478.835,13087.325,13253.358,12816.632,12508.129,13175.593,13271.034,13092.5,13157.809,13696.0,12552.0
T000078,1988-07-31,1988-01-31,13349.172,13409.35,13064.41,13338.713,13755.334,12013.688,13294.965,13521.978,13055.373,13161.594,13856.0,12888.0
T000079,1988-04-30,1988-01-31,93285.586,94025.586,91240.62,92829.25,89821.445,86936.0,91981.36,93600.6,91221.87,91845.266,94644.0,86168.0
T000079,1988-07-31,1988-01-31,94944.1,93040.555,91062.41,93408.92,95567.97,83498.55,92502.22,94737.25,90867.47,91881.4,96596.0,87212.0
T000080,1988-04-30,1988-01-31,30133.27,30518.115,29653.205,30003.498,29249.15,28305.309,29807.91,30338.582,29601.363,29787.146,30066.0,28438.0
T000080,1988-07-31,1988-01-31,30542.414,30207.434,29557.03,30188.059,31071.791,27186.217,29913.97,30816.826,29495.748,29797.914,30565.0,28694.0
T000081,1988-04-30,1988-01-31,10223.861,10152.864,9858.653,10198.849,9623.93,9287.071,10027.531,10226.789,9876.395,9991.18,10257.0,8867.0
T000081,1988-07-31,1988-01-31,10506.097,9987.919,9817.235,10321.329,10139.732,8919.914,10111.545,10313.719,9811.141,9997.832,10215.0,8963.0
T000082,1988-04-30,1988-01-31,78733.74,79453.53,77383.516,78679.99,75910.25,73535.45,77927.61,79624.88,77316.86,77737.66,80404.0,72736.0
T000082,1988-07-31,1988-01-31,79929.57,78591.68,76982.27,79235.98,79747.43,70626.72,78407.49,81627.55,77077.64,77762.05,81522.0,73379.0
T000083,1988-04-30,1988-01-31,16566.541,17008.145,16532.566,16514.576,16449.06,16015.559,16553.562,16700.531,16685.602,16462.588,16673.0,16380.0
T000083,1988-07-31,1988-01-31,16571.436,16961.467,16520.66,16569.033,17532.285,15382.512,16652.443,17005.156,16643.824,16464.371,16557.0,16399.0
T000084,1981-04-30,1981-01-31,216.00632,214.65956,211.19286,215.40102,209.70114,201.77672,214.03828,212.10695,209.39206,213.10278,232.0,205.0
T000084,1981-07-31,1981-01-31,213.56406,211.8722,211.65001,217.49599,218.08475,193.97755,213.28218,219.07066,207.28258,213.31784,223.0,201.0
T000085,1988-04-30,1988-01-31,147.13345,154.4349,150.58778,153.82022,141.16452,143.40898,154.82431,146.9991,152.27841,153.02055,130.0,137.0
T000085,1988-07-31,1988-01-31,157.97673,157.78027,154.4454,156.11493,158.16394,137.9108,161.62665,155.17093,151.85652,153.06357,153.0,154.0
T000086,1983-04-30,1983-01-31,373.9467,453.57913,428.00595,451.62152,413.86362,412.65454,459.97223,537.8339,441.07578,443.0548,562.0,282.0
T000086,1983-07-31,1983-01-31,468.29816,457.6039,439.79965,474.1159,431.72424,396.458,522.6989,582.3859,439.9507,443.16953,772.0,431.0
T000087,1988-04-30,1988-01-31,40246.703,41457.7,40112.758,40301.285,39498.586,38591.734,40297.56,40516.242,40212.016,40195.055,41360.0,39028.0
T000087,1988-07-31,1988-01-31,40583.906,41310.09,40205.29,40466.445,42657.58,37066.19,40636.61,40820.8,40208.84,40195.19,42008.0,39732.0
T000088,1974-04-30,1974-01-31,121.93379,133.93605,129.85045,135.63542,121.18101,124.11246,136.75421,130.62505,133.27841,134.02055,106.0,103.0
T000088,1974-07-31,1974-01-31,137.97931,137.63843,134.06694,140.01299,135.4656,119.3824,147.5411,137.55417,132.85652,134.06357,134.0,129.0
T000089,1989-04-30,1989-01-31,16.356049,15.546031,16.508108,17.090187,16.336613,17.420198,17.013945,16.712769,16.640612,15.962242,18.1,18.1
T000089,1989-07-31,1989-01-31,16.701303,17.135273,19.960693,17.45756,17.249914,16.900217,17.91949,17.217493,16.51353,15.967667,17.0,18.2
T000090,1990-04-30,1990-01-31,17.463894,16.183708,17.050587,17.762474,16.499727,17.748562,17.511087,16.523277,17.881227,16.524485,19.1,18.4
T000090,1990-07-31,1990-01-31,17.899261,18.005253,20.583324,18.080364,18.659498,17.214382,18.417587,16.85487,17.627066,16.535334,17.2,18.6
T000091,1982-04-30,1982-01-31,10.986061,8.896849,10.191849,11.833939,10.527083,8.921862,11.09307,9.9697485,9.865725,10.929464,8.2,6.6
T000091,1982-07-31,1982-01-31,10.875738,9.55432,13.25526,12.366015,9.098552,8.723909,10.834827,8.871782,9.261004,10.991117,7.3,5.3
T000092,1982-04-30,1982-01-31,65.24455,64.491264,63.13679,67.39216,60.78543,57.32599,64.80513,69.73905,62.453037,63.83837,63.5,47.6
T000092,1982-07-31,1982-01-31,66.30106,62.734444,67.55714,69.49338,60.528103,55.233105,65.54923,70.27012,61.665493,63.918663,66.7,45.5
T000093,1982-04-30,1982-01-31,89.40279,95.11493,96.59102,134.25842,119.16475,126.26009,134.81564,133.73328,101.62342,75.7605,86.9,204.3
T000093,1982-07-31,1982-01-31,102.749146,103.76953,104.60355,155.3282,139.08156,121.40956,178.52,134.57132,96.77852,75.96728,135.0,186.3
T000094,1982-04-30,1982-01-31,56.72281,53.668255,52.205154,57.360962,49.53697,48.478916,55.77979,51.942062,54.82069,54.05752,50.2,37.0
T000094,1982-07-31,1982-01-31,58.29921,54.91765,56.390694,59.91828,53.163567,46.735012,59.12606,48.58592,54.677723,54.06362,55.5,40.5
T000095,1982-04-30,1982-01-31,79.9493,77.79244,75.34131,77.653435,71.958984,71.25036,78.83574,76.52207,79.34253,76.54425,81.1,58.9
T000095,1982-07-31,1982-01-31,81.682076,79.27703,80.13963,80.72647,76.71762,68.60734,83.357574,77.297226,78.81833,76.56662,81.7,64.5
T000096,1982-04-30,1982-01-31,499.36722,455.89975,437.42386,447.3025,451.93518,430.41663,460.54346,457.397,478.17902,435.10242,490.2,456.1
T000096,1982-07-31,1982-01-31,449.01932,453.5471,440.40924,460.6535,466.12778,413.53442,466.64325,438.91193,470.10947,435.4468,472.9,391.4
T000097,1982-04-30,1982-01-31,1349.5356,1356.7272,1309.5048,1318.6592,1314.847,1261.3916,1351.9199,1326.0339,1391.2178,1305.319,1476.4,1238.3
T000097,1982-07-31,1982-01-31,1320.1753,1343.0791,1311.0459,1352.8489,1348.5391,1211.6343,1377.4769,1317.7578,1375.1263,1306.0057,1385.3,1153.8
T000098,1982-04-30,1982-01-31,534.8436,538.45966,520.31537,551.334,512.8605,481.88245,546.693,542.3868,533.5839,529.2593,590.9,443.1
T000098,1982-07-31,1982-01-31,505.1027,523.5723,521.3449,571.5416,519.14075,462.96204,551.5869,515.30634,532.77374,529.2939,536.4,386.6
T000099,1992-04-30,1992-01-31,66.31254,65.28593,64.22365,65.91143,63.378082,62.37274,65.15652,66.226974,64.51894,65.0137,64.4,59.9
T000099,1992-07-31,1992-01-31,67.779495,66.014854,67.655556,66.44119,67.257324,60.086563,65.7036,66.862404,64.23768,65.04238,63.4,61.0
T000100,1984-01-31,1983-10-31,523.57166,461.13132,399.03036,619.46844,455.88507,514.3746,589.5177,424.10168,733.5989,337.3449,202.9,454.2
T000100,1984-04-30,1983-10-31,882.5061,602.248,460.24985,724.95935,575.17334,494.1095,975.7651,765.7028,659.36865,340.5131,304.0,1009.4
T000101,1997-04-30,1997-01-31,173.99258,176.14767,172.12115,174.64528,169.68463,166.14723,173.41531,176.13326,172.3911,172.81165,177.7,162.3
T000101,1997-07-31,1997-01-31,177.03207,176.74577,175.4465,176.38445,180.06393,159.75793,175.97734,180.43294,172.15202,172.83603,180.3,168.3
T000102,1988-04-30,1988-01-31,18090.414,18517.414,18009.742,18164.098,17595.488,17147.375,18060.867,18282.266,17976.553,18017.123,18312.0,17352.0
T000102,1988-07-31,1988-01-31,18157.816,18374.87,18000.002,18251.514,18859.572,16469.463,18112.592,18394.754,17953.49,18019.475,18508.0,17316.0
T000103,1982-04-30,1982-01-31,211.94713,220.09644,215.15729,219.72302,205.9013,206.19005,220.0475,214.47342,215.83524,218.06168,207.0,198.0
T000103,1982-07-31,1982-01-31,226.48045,222.7987,218.35924,222.63388,226.55544,198.21767,227.9191,223.59848,214.56955,218.1907,229.0,219.0
T000104,1988-04-30,1988-01-31,584.8345,578.7472,566.49915,591.78516,541.0342,557.2952,591.8486,541.25793,585.0192,563.82007,640.0,582.0
T000104,1988-07-31,1988-01-31,625.28186,597.6184,567.84424,603.9643,603.7382,535.4335,634.7146,593.8255,581.048,563.98956,700.0,647.0
T000105,1988-04-30,1988-01-31,199.66156,202.28085,197.27292,199.53975,190.9758,190.55739,200.90251,194.63963,202.20306,198.81122,183.0,186.0
T000105,1988-07-31,1988-01-31,203.71823,205.09937,200.43007,201.7427,208.60979,183.2034,205.94702,197.45636,201.56767,198.83833,197.0,195.0
T000106,1984-04-30,1984-01-31,167.43173,174.75427,168.42436,187.89496,160.50096,163.55031,196.03664,169.67625,179.23091,187.22133,125.5,115.9
T000106,1984-07-31,1984-01-31,223.63359,184.43007,166.27835,199.69432,180.53297,157.25478,227.82431,208.13898,174.68848,187.68443,201.2,198.8
T000107,1988-04-30,1988-01-31,134.6619,134.5704,132.79121,136.71947,128.40463,126.54669,135.36224,132.6481,131.83524,134.06168,127.0,127.0
T000107,1988-07-31,1988-01-31,129.37996,133.60303,135.72595,139.08438,139.92926,121.72557,133.63925,126.234764,130.56955,134.1907,121.0,117.0
T000108,1989-04-30,1989-01-31,7320.2627,7866.6094,7601.1113,8213.416,7266.8643,7014.9023,7967.239,8234.569,7673.3228,7877.66,7346.0,5827.0
T000108,1989-07-31,1989-01-31,8208.468,7797.879,7556.4624,8523.419,7605.2334,6737.1284,8478.664,9007.9375,7557.16,7889.503,8445.0,7248.0
T000109,1989-04-30,1989-01-31,27209.652,27611.855,26616.248,28326.43,26049.684,23584.895,27560.52,28281.64,26716.875,27392.72,28424.0,21448.0
T000109,1989-07-31,1989-01-31,29177.352,27097.166,26452.047,29158.285,26675.496,22646.219,28720.352,31678.277,26332.666,27431.89,30330.0,24757.0
T000110,1989-01-31,1988-10-31,103.596,94.50654,96.20043,98.300545,97.9817,93.51092,106.592514,103.26311,91.800766,90.952805,102.0,128.0
T000110,1989-04-30,1988-10-31,96.4491,90.10676,97.168526,105.280426,100.83788,89.9915,106.18972,93.603546,91.641914,90.95958,83.0,80.0
T000111,1989-01-31,1988-10-31,3651.872,3663.1138,3567.6472,3569.7815,3572.9497,3409.6602,3618.895,3753.3777,3563.866,3490.9412,3681.0,3792.0
T000111,1989-04-30,1988-10-31,3517.0115,3593.8518,3572.2456,3622.8198,3723.7957,3274.9402,3626.5452,3708.2446,3550.205,3491.5242,3717.0,3432.0
T000112,1988-04-30,1988-01-31,448.66135,449.16705,439.95355,440.10983,432.24683,425.73773,446.92905,441.77652,437.07578,439.0548,464.0,451.0
T000112,1988-07-31,1988-01-31,434.99203,445.6702,441.93344,444.7983,472.7374,409.10144,443.35434,443.4539,435.9507,439.16953,414.0,415.0
T000113,1987-04-30,1987-01-31,335.25845,336.2778,329.0039,335.9872,330.0513,317.8327,343.47052,353.79538,325.32068,334.3501,316.7,306.1
T000113,1987-07-31,1987-01-31,372.31827,334.32272,327.77582,343.77594,340.02237,305.44116,363.64447,391.838,320.1876,334.87344,280.5,353.4
T000114,1988-10-31,1988-07-31,11758.322,11605.789,11282.697,11329.042,11470.078,11026.643,11466.781,11594.483,11546.912,11201.791,12752.0,11576.0
T000114,1989-01-31,1988-07-31,11147.135,11498.967,11225.833,11459.566,12020.085,10590.948,11485.497,11397.03,11482.261,11204.55,11134.0,10775.0
T000115,1988-04-30,1988-01-31,169.53027,169.3277,167.09363,172.72089,163.13474,160.17636,171.28261,164.70175,165.91101,170.11649,162.0,159.0
T000115,1988-07-31,1988-01-31,173.83066,168.45906,167.77225,175.22427,173.86887,154.02475,173.18277,171.22823,163.52025,170.36023,171.0,164.0
T000116,1991-04-30,1991-01-31,668.56757,676.2734,661.64685,664.08026,646.67145,637.11975,669.9487,660.46747,655.548,657.45276,655.9,686.6
T000116,1991-07-31,1991-01-31,668.789,672.7907,662.36,669.43054,701.67316,612.1165,673.1862,654.03564,654.4651,657.5632,672.3,663.2
T000117,1991-04-30,1991-01-31,439.09158,450.18402,438.84894,440.57593,430.4254,421.25165,439.28424,442.01315,437.4125,439.04523,449.8,431.3
T000117,1991-07-31,1991-01-31,439.47632,448.196,441.7344,441.47546,463.6752,404.77942,439.0086,443.68686,436.48434,439.13986,462.6,429.6
T000118,1991-04-30,1991-01-31,190.27422,192.22017,188.77528,190.41017,184.36145,183.29546,191.61201,186.97572,187.1354,187.40753,188.0,197.0
T000118,1991-07-31,1991-01-31,190.94601,192.89375,191.70786,192.09174,201.45113,176.23108,193.71147,186.08298,186.98073,187.42331,194.6,192.5
T000119,1991-04-30,1991-01-31,109.563034,108.15971,107.48202,110.38001,104.51127,105.88962,111.784485,104.85941,105.75947,106.00685,108.0,119.0
T000119,1991-07-31,1991-01-31,110.64971,109.43564,110.09914,112.65874,115.10867,101.885864,115.02858,103.79295,105.61884,106.02119,111.0,114.0
T000120,1996-04-30,1996-01-31,267.27338,267.26703,262.17215,279.01392,255.46776,259.95844,274.21204,254.02881,280.6652,252.85194,297.7,297.5
T000120,1996-07-31,1996-01-31,274.31555,273.80948,265.6416,285.7991,280.1884,249.85834,291.19174,264.48053,275.45496,253.07431,306.7,292.9
T000121,1980-04-30,1980-01-31,20.127398,19.099583,19.922169,20.13682,18.981493,19.741133,19.923107,20.266325,19.657064,19.90692,20.0,18.52
T000121,1980-07-31,1980-01-31,20.51923,20.251366,23.296232,20.271734,21.043764,19.130136,19.98511,20.570911,19.515028,19.921402,20.19,18.68
T000122,1980-04-30,1980-01-31,937.46344,945.5126,919.2132,931.80194,904.078,877.85333,925.3139,940.2248,919.82745,923.8103,942.6,875.8
T000122,1980-07-31,1980-01-31,951.43005,939.55005,920.16644,938.8707,961.2333,843.3165,932.1829,957.0871,917.5633,924.0412,951.7,891.4
T000123,1980-04-30,1980-01-31,148.46425,151.37462,148.34204,148.77817,144.99863,143.91359,148.658,147.9574,149.18123,147.82448,147.8,148.3
T000123,1980-07-31,1980-01-31,149.58348,152.82289,151.70967,149.11823,156.9897,138.40424,149.89551,150.03503,148.92706,147.83533,146.6,150.0
T000124,1980-04-30,1980-01-31,48.975304,49.81916,49.684597,49.724228,48.304203,48.864113,49.870094,50.01533,49.651894,49.70137,47.9,48.0
T000124,1980-07-31,1980-01-31,49.998352,51.221832,53.075375,49.97898,52.87579,47.113945,50.52357,50.69886,49.623768,49.70424,47.1,49.6
T000125,1980-04-30,1980-01-31,18.919785,17.55878,18.527067,19.229475,17.402258,18.597155,19.216537,18.91404,18.143734,18.82898,19.25,16.79
T000125,1980-07-31,1980-01-31,20.810802,18.805065,21.694126,19.652382,19.550344,18.031046,20.10115,20.309109,17.754183,18.868696,21.46,19.03
T000126,1988-04-30,1988-01-31,116.05058,110.40025,110.06857,112.78906,109.19719,108.70677,115.56456,108.99951,107.797356,109.03426,113.0,123.0
T000126,1988-07-31,1988-01-31,116.483826,110.86748,111.85951,115.58409,118.70831,104.5939,118.66581,108.782364,107.09419,109.10595,115.0,116.0
T000127,1990-04-30,1990-01-31,1274.0403,1290.471,1252.138,1274.0267,1230.8917,1196.0847,1263.3306,1287.1139,1255.8732,1259.0891,1281.0,1180.0
T000127,1990-07-31,1990-01-31,1295.3252,1283.4174,1253.5243,1283.0675,1305.4885,1148.9573,1279.8566,1315.5762,1254.0449,1259.2755,1303.0,1216.0
T000128,1990-04-30,1990-01-31,6962.264,7128.4946,6932.299,6982.534,6821.1226,6632.6875,6953.629,7031.27,6912.237,6951.0757,7244.0,6749.0
T000128,1990-07-31,1990-01-31,7023.025,7072.565,6914.203,7009.2646,7288.707,6370.614,6974.281,7138.3896,6890.1577,6953.3267,7413.0,6817.0
T000129,1990-04-30,1990-01-31,191.79283,184.6507,181.74037,187.78177,181.8235,182.51198,191.6753,186.61168,178.25171,180.2555,204.6,200.0
T000129,1990-07-31,1990-01-31,194.7626,186.43445,184.8498,192.74564,203.87224,175.48892,201.11624,190.319,177.1126,180.37164,208.0,201.7
T000130,1990-04-30,1990-01-31,163.81044,160.53148,157.0371,161.75226,153.53682,149.22145,159.33536,164.53679,157.30493,158.73975,164.4,140.6
T000130,1990-07-31,1990-01-31,169.04506,160.00687,159.88858,164.4315,160.53519,143.4978,162.16324,170.13104,156.48926,158.82289,169.5,147.2
T000131,1990-04-30,1990-01-31,13732.094,13998.656,13578.931,13684.731,13357.096,13022.873,13631.2705,13750.61,13586.01,13618.911,13752.0,13223.0
T000131,1990-07-31,1990-01-31,13847.402,13917.442,13568.718,13742.957,14350.675,12508.173,13688.2295,13871.172,13567.306,13620.818,13888.0,13353.0
T000132,1980-04-30,1980-01-31,37602.17,38920.39,37775.477,38044.9,37107.16,36083.11,37906.344,38336.3,37667.88,37873.7,38596.0,36888.0
T000132,1980-07-31,1980-01-31,38075.727,38618.242,37715.69,38147.426,39689.086,34656.273,38081.895,38961.36,37550.875,37885.63,39804.0,37444.0
T000133,1980-04-30,1980-01-31,22642.469,23351.676,22627.148,22653.48,22349.49,21805.883,22654.574,22859.19,22541.766,22614.0,22732.0,22460.0
T000133,1980-07-31,1980-01-31,22761.012,23211.95,22686.896,22693.639,24189.906,20944.17,22723.086,23011.0,22500.701,22618.188,22852.0,22616.0
T000134,1993-04-30,1993-01-31,567.4889,194.12105,520.37787,1101.0682,35.83473,308.33948,1439.3097,429.29175,200.65144,143.83781,289.0,3315.0
T000134,1993-07-31,1993-01-31,826.1895,95.20501,249.62457,1604.748,212.92165,263.59183,1918.2793,-367.0747,190.00856,144.29205,126.0,1260.0
T000135,1980-04-30,1980-01-31,497.44513,504.52234,490.89993,521.4052,469.81958,453.14612,507.58502,517.3547,489.60614,505.43854,492.0,402.0
T000135,1980-07-31,1980-01-31,533.7382,496.66815,491.2257,535.3768,496.38986,435.38852,524.8228,546.7965,480.60565,506.35614,546.0,455.0
T000136,1980-04-30,1980-01-31,144.9611,146.00862,142.73569,146.04115,138.45769,136.89142,144.61288,142.88934,143.28221,144.1233,140.5,132.5
T000136,1980-07-31,1980-01-31,148.49484,147.08803,146.22197,147.80295,149.82533,131.65918,147.20844,145.28386,142.80405,144.17206,141.8,139.2
T000137,1990-04-30,1990-01-31,89.9677,85.100784,85.33002,87.239555,82.947556,84.422226,90.07853,83.735695,83.019394,84.0485,90.17,97.88
T000137,1990-07-31,1990-01-31,89.910225,85.63745,87.96897,89.83022,93.01973,81.26685,91.85698,80.3209,82.434364,84.10815,92.21,87.45
T000138,1990-04-30,1990-01-31,24.607014,24.026505,25.491667,27.078371,24.910286,26.314362,27.96736,25.194817,24.482643,23.770353,24.84,34.07
T000138,1990-07-31,1990-01-31,25.521172,25.24195,28.722683,28.668322,27.83562,25.450785,29.625166,22.497967,24.349207,23.776049,24.62,27.75
T000139,1995-04-30,1995-01-31,39.376297,36.95228,37.354855,38.68447,37.99468,39.0794,39.86165,38.45765,36.46326,36.809593,39.6,43.9
T000139,1995-07-31,1995-01-31,39.56952,38.101643,40.785896,39.947884,42.893,37.71462,40.983597,39.239876,36.266376,36.829666,41.9,39.3
T000140,1991-04-30,1991-01-31,100.23949,110.51932,106.883026,111.02562,96.925255,101.850266,113.30391,103.662155,111.60153,109.90561,77.0,84.0
T000140,1991-07-31,1991-01-31,115.55546,116.26132,112.809074,115.00528,116.265366,97.99613,124.42031,106.27347,111.28384,109.91917,104.0,109.0
T000141,1991-04-30,1991-01-31,114.457245,115.29513,113.39769,114.81695,104.53908,109.35202,115.78961,108.67801,114.800766,113.952805,91.0,109.0
T000141,1991-07-31,1991-01-31,119.8641,119.24029,117.424736,116.16346,120.699326,105.2065,120.42026,111.46436,114.641914,113.95958,111.0,119.0
T000142,1991-04-30,1991-01-31,100.676056,101.72481,100.23491,100.86443,97.952705,98.23693,101.00742,99.52625,100.0,99.99976,98.0,102.0
T000142,1991-07-31,1991-01-31,100.91393,103.19786,103.51904,101.25981,106.53194,94.53608,101.83124,99.41807,100.0,99.99961,100.0,102.0
T000143,1991-04-30,1991-01-31,110.67772,107.874504,107.33916,110.41879,103.29344,105.698715,112.06037,103.443924,105.51894,106.0137,108.0,119.0
T000143,1991-07-31,1991-01-31,111.743835,109.31964,109.84464,112.859764,115.04915,101.702225,115.758545,103.66252,105.23768,106.04238,111.0,115.0
T000144,1991-04-30,1991-01-31,93.20807,95.97763,95.13989,101.76854,89.97896,95.9456,100.804214,88.154755,99.40614,92.62243,86.0,110.0
T000144,1991-07-31,1991-01-31,95.8304,100.181274,98.85154,104.51676,104.55673,92.33231,107.38096,86.759415,98.135345,92.67667,89.0,109.0
T000145,1990-04-30,1990-01-31,308.32974,314.5735,306.74152,308.6536,301.64496,295.38293,308.05145,308.5792,305.61252,307.24524,306.8,304.9
T000145,1990-07-31,1990-01-31,305.98883,313.0836,309.72168,309.50348,326.2074,283.88828,307.12076,309.22528,304.68436,307.33987,309.5,299.8
T000146,1980-04-30,1980-01-31,144.9611,146.00862,142.73105,146.04115,138.47658,136.8997,144.61288,142.90321,143.28221,144.1233,140.5,132.5
T000146,1980-07-31,1980-01-31,148.49484,147.08803,146.21758,147.80295,149.83931,131.66714,147.20844,145.28925,142.80405,144.17206,141.8,139.2
T000147,1980-04-30,1980-01-31,135.57274,138.25786,135.76472,136.95612,133.02042,130.86281,136.32649,137.48378,135.45436,136.22124,137.6,131.5
T000147,1980-07-31,1980-01-31,137.35732,138.82516,138.67538,137.60008,142.56252,125.86984,137.1308,139.88277,135.0184,136.26569,137.6,134.0
T000148,1980-04-30,1980-01-31,134.75522,139.02078,136.1528,136.95227,133.26236,131.56128,136.72934,137.45601,136.18352,136.40616,138.5,131.9
T000148,1980-07-31,1980-01-31,136.96489,140.06398,139.55164,137.7705,143.74678,126.540695,138.15288,139.41385,136.05695,136.41907,136.8,135.5
T000149,1980-04-30,1980-01-31,154.78181,156.13057,152.66405,154.7512,149.12643,146.55974,153.68188,153.58897,152.56194,153.52672,152.9,145.6
T000149,1980-07-31,1980-01-31,157.03166,156.54568,156.08452,155.82127,161.62256,140.94621,154.87741,155.03746,152.01347,153.58264,151.6,149.0
T000150,1980-04-30,1980-01-31,127.72182,131.11287,128.51154,128.64365,125.986176,124.626724,129.04391,129.45337,128.90038,128.4764,131.9,125.5
T000150,1980-07-31,1980-01-31,129.81369,132.44972,131.90697,129.18611,135.82812,119.88032,130.71268,131.81168,128.82095,128.4798,130.1,129.2
T000151,1980-04-30,1980-01-31,145.53127,144.56339,141.72887,144.46983,138.13786,135.6326,143.10216,142.46649,141.7214,142.93356,141.1,133.1
T000151,1980-07-31,1980-01-31,148.46297,144.87912,144.7396,145.79774,147.90918,130.45013,144.28545,144.55087,141.0323,143.00383,142.4,136.3
T000152,1980-04-30,1980-01-31,2.5987318,1.3390715,2.6471603,2.6523607,1.4340942,2.458426,2.5681267,2.4993181,2.505947,2.5306852,2.37,1.97
T000152,1980-07-31,1980-01-31,2.6675625,2.7777984,6.1155963,2.725092,1.8710485,2.4954722,2.6308434,2.3591847,2.4918852,2.532119,2.49,2.0
T000153,1980-04-30,1980-01-31,6.867795,5.0882874,6.47988,6.7573833,6.153999,6.2589006,6.618792,6.164625,6.082748,6.481032,5.99,5.82
T000153,1980-07-31,1980-01-31,6.465955,6.1785603,9.670837,6.924254,4.9442463,6.166263,6.50773,6.1971564,5.8563304,6.5041156,5.31,5.19
T000154,1991-04-30,1991-01-31,118.65045,122.35143,120.1892,124.413315,113.623795,115.13726,122.93887,118.63784,120.31629,122.047966,95.0,110.0
T000154,1991-07-31,1991-01-31,126.6967,124.46338,123.76196,125.88471,127.23553,110.76645,126.85943,121.81264,119.33187,122.14833,113.0,121.0
T000155,1991-04-30,1991-01-31,122.72808,120.60189,119.296776,121.859726,114.237,116.98326,123.67668,115.223175,118.73788,119.72741,109.7,120.5
T000155,1991-07-31,1991-01-31,128.88162,123.57809,121.98814,123.992065,127.827,112.54209,129.74568,122.80687,118.175354,119.78476,125.1,130.7
T000156,1988-04-30,1988-01-31,116.05058,110.40025,110.06857,112.78906,109.19719,108.70677,115.56456,108.99951,107.797356,109.03426,113.0,123.0
T000156,1988-07-31,1988-01-31,116.483826,110.86748,111.85951,115.58409,118.70831,104.5939,118.66581,108.782364,107.09419,109.10595,115.0,116.0
T000157,1990-04-30,1990-01-31,709.45575,629.6024,637.19354,663.5615,592.46655,601.7431,703.07947,626.10547,593.16296,610.4797,721.0,810.0
T000157,1990-07-31,1990-01-31,714.7993,613.68634,626.5098,703.1567,643.6117,578.1068,745.76245,609.2151,583.31866,611.4833,741.0,706.0
T000158,1990-04-30,1990-01-31,98.048,91.73497,92.5118,96.017876,88.27313,90.43639,99.517715,91.60004,88.293564,89.43152,97.0,112.1
T000158,1990-07-31,1990-01-31,99.134674,91.903534,95.02803,100.15986,97.90586,87.04032,104.260704,87.72909,87.64666,89.497475,98.2,100.6
T000159,1990-04-30,1990-01-31,1535.2426,1546.9882,1503.6934,1527.6492,1479.2122,1431.1865,1514.3702,1544.144,1501.7408,1512.6008,1550.6,1424.2
T000159,1990-07-31,1990-01-31,1561.6881,1531.0651,1502.5831,1536.5009,1567.9474,1374.7664,1521.5927,1568.8905,1495.567,1513.2302,1592.5,1439.4
T000160,1990-04-30,1990-01-31,111.40848,110.448166,109.40556,109.34612,107.424225,105.93694,112.01714,110.35025,107.82273,108.41645,115.1,116.1
T000160,1990-07-31,1990-01-31,109.11486,109.79684,112.15466,111.15926,116.440094,101.92923,111.2868,110.8125,107.485214,108.45086,118.0,103.1
T000161,1990-04-30,1990-01-31,196.32681,199.47652,195.76529,198.49823,191.38635,190.66997,199.3985,193.35646,194.54024,194.28584,198.6,206.0
T000161,1990-07-31,1990-01-31,197.38914,200.50847,198.58945,200.4507,208.86406,183.31384,202.35437,193.13747,194.49257,194.28787,205.7,201.7
T000162,1980-04-30,1980-01-31,139.84085,155.85913,150.97449,162.20973,138.80792,142.6274,160.35852,151.787,154.59471,157.06853,123.0,114.0
T000162,1980-07-31,1980-01-31,163.4466,159.93817,155.29967,167.73698,156.90923,137.16321,174.76086,162.2925,153.18839,157.2119,165.0,151.0
T000163,1980-04-30,1980-01-31,144.48082,161.49286,156.55904,170.70795,142.8818,147.18326,167.87578,157.92673,160.63258,164.09593,123.0,114.0
T000163,1980-07-31,1980-01-31,173.10646,165.9998,160.38113,177.057,162.51062,141.53822,184.70015,170.77414,158.66373,164.29666,178.0,158.0
T000164,1988-04-30,1988-01-31,91.75215,84.8232,79.00806,89.67125,85.75938,80.980515,85.564606,95.07426,81.39206,85.10278,88.0,58.0
T000164,1988-07-31,1988-01-31,99.87444,82.48155,84.37409,92.35524,96.47292,77.93139,87.4334,103.68278,79.28257,85.31785,79.0,62.0
T000165,1987-01-31,1986-10-31,177.01483,180.20291,173.98233,177.60144,173.6683,171.88242,177.90268,181.28416,181.20691,173.57523,194.0,171.0
T000165,1987-04-30,1986-10-31,184.48956,183.0459,178.73386,179.80183,188.73688,165.26865,185.70952,185.20497,179.77727,173.63625,279.0,184.0
T000166,1989-04-30,1989-01-31,43.209015,43.680515,42.742992,43.29158,44.321537,44.041126,43.28995,44.73423,42.51894,43.013706,43.0,42.0
T000166,1989-07-31,1989-01-31,43.943844,44.63242,47.084965,43.562187,49.3156,42.47875,43.737305,47.01953,42.23768,43.04238,39.0,43.0
T000167,1989-04-30,1989-01-31,532.8331,523.84283,515.8637,528.23175,503.32877,478.50958,519.9295,544.6067,510.58148,519.2398,530.0,462.0
T000167,1989-07-31,1989-01-31,550.0176,514.2497,512.0615,535.84784,515.0207,459.73444,524.6397,578.70044,505.65933,519.74164,519.0,475.0
T000168,1992-04-30,1992-01-31,5.8535013,4.8328414,6.0582314,5.9098616,5.640529,6.2975855,5.904673,5.8331084,5.8900366,5.84764,5.79,5.97
T000168,1992-07-31,1992-01-31,5.8693824,6.281517,9.505089,5.929238,5.762653,6.2042284,5.9494925,5.85804,5.882091,5.847979,5.74,5.96
T000169,1971-10-31,1971-07-31,100.63979,102.11375,100.517105,100.85997,98.257454,97.352295,100.708565,100.15818,100.31136,100.60822,100.0,99.8
T000169,1972-01-31,1971-07-31,100.28644,102.91292,103.66438,101.07921,106.09728,93.684204,100.54958,99.86523,100.14261,100.62543,98.4,99.0
T000170,1971-10-31,1971-07-31,133.9121,134.05444,131.55635,133.5229,128.73738,126.20125,132.48152,132.39249,131.48221,132.3233,133.2,125.5
T000170,1972-01-31,1971-07-31,135.84837,134.1827,134.42352,134.22823,137.29869,121.39125,132.93051,134.63979,131.00404,132.37206,132.7,126.2
T000171,1971-10-31,1971-07-31,114.83967,116.2575,114.09937,114.62578,111.85139,110.57066,114.29905,114.86239,114.031624,114.204796,114.8,111.7
T000171,1972-01-31,1971-07-31,115.54513,117.17833,117.46536,115.004524,121.350716,106.38058,114.73054,115.56345,113.93319,114.21483,115.9,112.7
T000172,1971-10-31,1971-07-31,131.4965,133.95016,131.63792,132.14449,129.09381,126.6284,131.70166,133.52173,131.06705,131.51233,133.2,128.8
T000172,1972-01-31,1971-07-31,130.84792,134.03859,134.64815,132.69502,137.46379,121.80191,131.54277,134.84373,130.8139,131.53815,134.9,127.5
T000173,1989-10-31,1989-07-31,754.46466,688.0755,661.1623,740.12976,634.61914,594.6858,701.69293,758.4779,669.66864,693.6647,807.0,435.0
T000173,1990-01-31,1989-07-31,824.8513,662.1724,663.96344,767.56024,635.0798,571.2964,728.02576,744.2251,656.0273,695.0554,905.0,482.0
T000174,1989-07-31,1989-04-30,361.0514,363.86267,353.74713,380.9788,348.82443,317.41156,374.04938,389.61066,364.60538,358.66962,352.0,266.0
T000174,1989-10-31,1989-04-30,351.525,350.2009,354.5155,399.856,333.7837,304.97745,383.2221,387.27823,363.49344,358.71707,368.0,231.0
T000175,1975-04-30,1975-01-31,36.07812,35.61614,36.834503,37.069534,35.093353,35.319084,36.939976,35.778786,36.800766,35.952805,34.0,38.0
T000175,1975-07-31,1975-01-31,36.448444,37.313126,39.64142,37.401352,37.31613,34.099228,37.76926,38.940315,36.641914,35.959583,32.0,38.0
T000176,1990-04-30,1990-01-31,86.6226,83.43972,78.15649,88.07097,86.41678,79.866425,84.44385,95.32917,79.67047,84.12334,91.0,61.0
T000176,1990-07-31,1990-01-31,92.580185,80.336,82.824974,90.38933,94.28988,76.86247,85.00352,103.50344,77.139084,84.38142,92.0,62.0
T000177,1989-10-31,1989-07-31,447.95856,443.22925,432.0089,439.14932,416.4539,399.53143,444.54657,461.04602,450.2146,434.10327,394.0,364.0
T000177,1990-01-31,1989-07-31,456.91772,443.95093,432.8241,450.9553,431.54843,383.85486,466.2454,501.7922,447.19644,434.2321,378.0,395.0
T000178,1980-04-30,1980-01-31,20.075565,19.480484,20.278473,20.163862,19.069405,20.386204,20.132084,20.213804,20.064678,20.121576,20.38,19.9
T000178,1980-07-31,1980-01-31,20.183771,20.82475,23.688326,20.189306,20.251396,19.750778,20.170471,20.349426,20.032335,20.124874,20.23,20.02
T000179,1980-04-30,1980-01-31,2.893259,1.6698873,2.976833,2.7755961,2.5264153,2.846305,2.845223,2.844218,2.8300748,2.7452803,3.0,2.87
T000179,1980-07-31,1980-01-31,2.5842838,3.073221,6.448383,2.830644,2.3396726,2.871478,2.8333654,2.8768497,2.814187,2.7459583,2.73,2.5
T000180,1980-04-30,1980-01-31,382.44653,388.25833,379.8823,383.86813,365.59293,361.10132,382.39072,378.81592,379.3542,382.07538,350.0,373.0
T000180,1980-07-31,1980-01-31,384.08774,387.59354,380.7249,384.93195,396.0311,347.0023,382.4372,384.05,377.80722,382.2331,333.0,373.0
T000181,1980-04-30,1980-01-31,3.6673133,2.2083967,3.4076204,3.494198,1.7894108,3.85397,3.4452624,3.4026613,4.1210732,2.9339244,2.0,3.3
T000181,1980-07-31,1980-01-31,4.0007033,3.9143603,7.1092696,3.7009492,3.4162292,3.846332,4.0116687,3.5308368,3.8986819,2.943416,2.1,3.6
T000182,1980-04-30,1980-01-31,7982.116,8132.3906,7878.563,7961.0522,7735.243,7536.2183,7923.7583,7993.232,7891.593,7913.61,8053.0,7625.0
T000182,1980-07-31,1980-01-31,8063.4624,8082.8223,7874.7266,8003.7173,8306.459,7238.415,7976.5674,8054.593,7879.0767,7914.8857,8172.0,7756.0
T000183,1980-04-30,1980-01-31,1.0928574,-0.08789712,1.2803758,1.092473,1.026454,0.78967774,1.0920846,1.0936004,1.0875949,1.0900686,1.1,1.09
T000183,1980-07-31,1980-01-31,1.0880201,1.3601537,4.726673,1.0940065,1.1003978,0.8645836,1.0906212,1.093789,1.0861899,1.090212,1.09,1.08
T000184,1980-04-30,1980-01-31,60.582905,51.17934,47.841114,55.1849,54.252274,53.74706,52.82211,56.665043,65.4215,41.67849,43.0,55.0
T000184,1980-07-31,1980-01-31,66.23287,57.260597,57.250328,59.20322,65.666664,51.795067,64.43228,58.57257,60.973724,41.86832,54.0,60.0
T000185,1980-04-30,1980-01-31,110.05801,104.995384,104.82052,113.73146,102.222206,93.98109,109.973816,105.399376,102.98677,109.1713,123.0,87.0
T000185,1980-07-31,1980-01-31,110.70513,100.39779,104.63795,116.42504,101.34248,90.43564,108.88382,107.78374,99.470955,109.52975,110.0,82.0
T000186,1980-04-30,1980-01-31,367.52234,375.0565,365.5159,367.13107,359.33054,352.30548,366.65366,366.39728,364.55682,366.0411,370.0,364.0
T000186,1980-07-31,1980-01-31,365.7152,373.80228,368.26407,367.7907,388.37756,338.56024,366.1344,365.3041,363.71304,366.12714,370.0,361.0
T000187,1980-04-30,1980-01-31,16.115616,13.763382,12.805101,16.2122,13.549773,15.598942,16.39232,14.304016,23.271288,10.806208,8.7,9.1
T000187,1980-07-31,1980-01-31,23.786737,18.535812,18.950768,18.91092,17.907022,15.1406555,24.99683,18.70031,20.936203,10.9058695,16.0,20.4
T000188,1980-04-30,1980-01-31,8.385566,6.1280317,7.5383816,9.027863,4.5941067,6.5143027,8.43083,5.729405,7.1657248,8.229465,6.3,4.9
T000188,1980-07-31,1980-01-31,7.8798447,6.7695837,10.491951,9.500515,2.2288508,6.408585,8.1057,4.556419,6.5610046,8.291117,5.3,3.4
T000189,1980-04-30,1980-01-31,70.548515,71.20895,70.514534,71.96187,68.844986,67.90878,71.231094,72.29164,70.13788,71.12741,71.7,65.8
T000189,1980-07-31,1980-01-31,72.50776,71.809204,73.6382,72.68466,73.45427,65.40463,72.00778,74.02228,69.575356,71.18476,76.8,68.3
T000190,1968-04-30,1968-01-31,192.1827,160.66893,130.73654,166.62642,161.71404,151.62508,179.87552,123.22719,289.76666,105.758286,96.0,84.0
T000190,1968-07-31,1968-01-31,239.66492,194.86688,167.46382,204.35155,187.74506,145.72522,270.3421,138.03796,255.2964,107.22949,154.0,144.0
T000191,1972-04-30,1972-01-31,79.36129,80.70157,78.57779,89.27611,88.077484,85.11118,87.18062,87.38253,87.210754,75.33924,126.0,98.0
T000191,1972-07-31,1972-01-31,85.612465,83.963165,81.569626,93.25645,91.18526,81.92365,98.348274,99.885025,84.98686,75.43416,80.0,102.0
T000192,1991-04-30,1991-01-31,83.11152,81.74249,80.26004,83.75929,74.86294,79.79706,84.13685,77.88786,83.20307,79.81121,66.0,80.0
T000192,1991-07-31,1991-01-31,90.95348,86.22179,84.81286,85.84753,87.47197,76.82304,91.68009,82.944695,82.56767,79.83833,79.0,93.0
T000193,1989-04-30,1989-01-31,785.2765,768.72766,716.88525,758.13086,692.3146,659.9395,783.27295,764.52185,813.27216,733.5635,621.0,448.0
T000193,1989-07-31,1989-01-31,799.88275,770.16705,749.2504,811.483,720.5489,633.9166,860.5062,712.9762,798.3404,734.2008,638.0,507.0
T000194,1987-04-30,1987-01-31,107.45533,105.86487,104.957756,105.95257,102.385605,102.31016,107.23846,103.41572,103.64678,104.21576,103.3,110.7
T000194,1987-07-31,1987-01-31,107.64565,106.674484,107.62127,107.245636,111.74883,98.44754,108.65774,103.548256,103.323326,104.24873,102.1,107.4
T000195,1987-04-30,1987-01-31,38.55945,38.575275,38.757725,38.570423,37.55084,38.287292,38.621212,38.58415,38.5,38.49976,38.5,38.8
T000195,1987-07-31,1987-01-31,38.57146,39.842464,42.264034,38.621063,40.414883,36.95493,38.636684,38.653194,38.5,38.49961,38.8,38.5
T000196,1987-04-30,1987-01-31,2552.9011,1778.735,2002.7411,2172.6956,1753.5955,1733.7313,2506.5737,1761.8086,1913.2092,2114.5776,4051.0,2840.0
T000196,1987-07-31,1987-01-31,2166.821,1678.4227,1638.7222,2384.764,1765.2998,1663.8851,2456.0564,1509.8314,1798.7343,2126.2485,4025.0,1638.0
T000197,1989-04-30,1989-01-31,170.6416,168.36232,164.50604,168.90823,161.19728,156.47578,166.64651,171.99957,164.79735,166.03426,170.0,149.0
T000197,1989-07-31,1989-01-31,175.48572,167.7614,167.43858,171.476,168.86546,150.46541,169.32428,177.06207,164.0942,166.10594,176.0,155.0
T000198,1987-04-30,1987-01-31,1213.7244,1249.9071,1221.0728,1244.2756,1191.509,1189.2217,1249.4062,1208.0145,1219.41,1208.3865,1201.0,1306.0
T000198,1987-07-31,1987-01-31,1221.9797,1251.368,1222.05,1259.326,1312.9043,1142.4037,1270.9365,1188.0884,1217.345,1208.4746,1204.0,1263.0
T000199,1987-04-30,1987-01-31,263.13672,263.29874,240.74315,259.61816,240.7755,228.94588,273.36133,293.32388,285.39087,251.30269,248.6,107.2
T000199,1987-07-31,1987-01-31,303.84366,269.91156,255.14127,283.71448,237.23543,220.01082,327.06992,317.9426,279.00513,251.57523,280.5,202.6
T000200,1987-04-30,1987-01-31,29.816406,31.01725,31.094414,36.70763,36.783398,39.243233,35.56061,42.10836,36.50768,28.028032,25.9,45.1
T000200,1987-07-31,1987-01-31,31.296057,35.692226,37.140167,39.126244,44.562977,37.861046,40.561295,36.03996,34.919186,28.095829,27.6,40.2
T000201,1987-04-30,1987-01-31,864.64966,882.4862,857.5833,864.63226,837.3675,821.2934,861.0606,857.02673,858.3163,860.048,847.0,836.0
T000201,1987-07-31,1987-01-31,870.2355,879.5914,860.4659,867.34515,904.63416,788.99963,863.77515,860.60846,857.33185,860.1483,847.0,840.0
T000202,1987-04-30,1987-01-31,2.3084655,0.9083819,2.490373,2.671339,-0.3825221,2.4913926,2.9830346,2.0636153,2.056052,1.9966962,1.65,4.45
T000202,1987-07-31,1987-01-31,2.5142758,2.2949293,5.8118668,3.063144,-0.5685828,2.52806,3.2398272,1.1442924,2.0449295,1.9971708,1.65,2.49
